series,phase,photometric_value,residual_observed_minus_model,original_fourth_field
observation,.00150,-1.2450,-.0048,50000.00000
observation,.00314,-1.2470,.0041,50000.00000
observation,.00442,-1.2630,-.0005,50000.00000
observation,.00565,-1.2750,.0009,50000.00000
observation,.00689,-1.2840,.0074,50000.00000
observation,.00813,-1.3020,.0068,50000.00000
observation,.00940,-1.3280,.0003,50000.00000
observation,.01098,-1.3570,-.0023,50000.00000
observation,.01261,-1.3930,-.0092,50000.00000
observation,.01424,-1.4220,-.0076,50000.00000
observation,.01587,-1.4470,-.0010,50000.00000
observation,.01750,-1.4870,-.0090,50000.00000
observation,.01919,-1.5200,-.0086,50000.00000
observation,.02091,-1.5430,.0022,50000.00000
observation,.02269,-1.5820,-.0025,50000.00000
observation,.02507,-1.6150,.0089,50000.00000
observation,.02703,-1.6480,.0108,50000.00000
observation,.02894,-1.6840,.0070,50000.00000
observation,.03066,-1.7090,.0093,50000.00000
observation,.03227,-1.7450,-.0026,50000.00000
observation,.03441,-1.7690,.0029,50000.00000
observation,.03681,-1.7930,.0083,50000.00000
observation,.03921,-1.8190,.0076,50000.00000
observation,.04161,-1.8420,.0055,50000.00000
observation,.04404,-1.8650,-.0011,50000.00000
observation,.04600,-1.8770,-.0039,50000.00000
observation,.04769,-1.8820,-.0042,50000.00000
observation,.04944,-1.8750,.0036,50000.00000
observation,.05109,-1.8750,.0037,50000.00000
observation,.05264,-1.8810,-.0023,50000.00000
observation,.05400,-1.8810,-.0022,50000.00000
observation,.05530,-1.8800,-.0012,50000.00000
observation,.05678,-1.8810,-.0021,50000.00000
observation,.05845,-1.8660,.0130,50000.00000
observation,.06013,-1.8780,.0010,50000.00000
observation,.06199,-1.8660,.0131,50000.00000
observation,.06448,-1.8570,.0222,50000.00000
observation,.06703,-1.8730,.0063,50000.00000
observation,.06907,-1.8830,-.0036,50000.00000
observation,.07077,-1.8840,-.0045,50000.00000
observation,.07245,-1.8850,-.0054,50000.00000
observation,.07400,-1.8810,-.0013,50000.00000
observation,.07532,-1.8770,.0027,50000.00000
observation,.07658,-1.8730,.0068,50000.00000
observation,.07785,-1.8670,.0128,50000.00000
observation,.07924,-1.8730,.0069,50000.00000
observation,.08109,-1.8790,.0010,50000.00000
observation,.08278,-1.8790,.0011,50000.00000
observation,.08439,-1.8730,.0072,50000.00000
observation,.08601,-1.8750,.0053,50000.00000
observation,.08769,-1.8830,-.0026,50000.00000
observation,.08980,-1.8810,-.0005,50000.00000
observation,.09164,-1.8990,-.0184,50000.00000
observation,.09377,-1.8910,-.0103,50000.00000
observation,.09799,-1.9060,-.0251,50000.00000
observation,.11177,-1.8530,.0288,50000.00000
observation,.11678,-1.8570,.0251,50000.00000
observation,.12132,-1.8650,.0173,50000.00000
observation,.12411,-1.8650,.0175,50000.00000
observation,.12656,-1.8820,.0007,50000.00000
observation,.12901,-1.8820,.0008,50000.00000
observation,.13282,-1.8850,-.0019,50000.00000
observation,.13741,-1.8980,-.0146,50000.00000
observation,.14020,-1.9080,-.0244,50000.00000
observation,.14288,-1.8970,-.0133,50000.00000
observation,.14544,-1.8990,-.0151,50000.00000
observation,.14821,-1.8920,-.0079,50000.00000
observation,.15078,-1.8850,-.0008,50000.00000
observation,.15264,-1.8680,.0163,50000.00000
observation,.15433,-1.8830,.0014,50000.00000
observation,.15605,-1.8690,.0156,50000.00000
observation,.15801,-1.8810,.0037,50000.00000
observation,.15999,-1.8850,-.0002,50000.00000
observation,.16177,-1.8750,.0099,50000.00000
observation,.16347,-1.8780,.0070,50000.00000
observation,.16570,-1.8750,.0102,50000.00000
observation,.16830,-1.8780,.0073,50000.00000
observation,.17086,-1.8840,.0015,50000.00000
observation,.17501,-1.8820,.0037,50000.00000
observation,.18032,-1.8900,-.0040,50000.00000
observation,.18334,-1.9050,-.0188,50000.00000
observation,.20967,-1.8990,-.0114,50000.00000
observation,.21453,-1.9040,-.0162,50000.00000
observation,.22219,-1.8860,.0021,50000.00000
observation,.22703,-1.8830,.0053,50000.00000
observation,.22952,-1.8840,.0044,50000.00000
observation,.23199,-1.8880,.0005,50000.00000
observation,.23529,-1.8880,.0006,50000.00000
observation,.23985,-1.8980,-.0092,50000.00000
observation,.24521,-1.9040,-.0151,50000.00000
observation,.25139,-1.8880,.0011,50000.00000
observation,.25620,-1.8930,-.0038,50000.00000
observation,.26209,-1.8960,-.0067,50000.00000
observation,.26528,-1.9150,-.0256,50000.00000
observation,.26799,-1.9130,-.0236,50000.00000
observation,.27040,-1.9060,-.0165,50000.00000
observation,.27282,-1.9000,-.0105,50000.00000
observation,.27523,-1.8990,-.0095,50000.00000
observation,.27765,-1.8950,-.0054,50000.00000
observation,.28047,-1.8940,-.0044,50000.00000
observation,.29428,-1.8920,-.0023,50000.00000
observation,.30343,-1.8820,.0077,50000.00000
observation,.30681,-1.8840,.0057,50000.00000
observation,.30932,-1.8930,-.0034,50000.00000
observation,.31257,-1.8860,.0036,50000.00000
observation,.32034,-1.8740,.0156,50000.00000
observation,.32890,-1.8870,.0025,50000.00000
observation,.33212,-1.8840,.0054,50000.00000
observation,.33384,-1.8810,.0084,50000.00000
observation,.33545,-1.8820,.0074,50000.00000
observation,.33741,-1.8790,.0103,50000.00000
observation,.33975,-1.8810,.0083,50000.00000
observation,.34149,-1.8800,.0093,50000.00000
observation,.34313,-1.8750,.0142,50000.00000
observation,.34477,-1.8870,.0022,50000.00000
observation,.34645,-1.8860,.0032,50000.00000
observation,.34817,-1.8810,.0081,50000.00000
observation,.34994,-1.8800,.0091,50000.00000
observation,.35163,-1.8870,.0021,50000.00000
observation,.35378,-1.8840,.0050,50000.00000
observation,.35590,-1.8680,.0210,50000.00000
observation,.35758,-1.8750,.0140,50000.00000
observation,.35926,-1.8760,.0129,50000.00000
observation,.36092,-1.8810,.0079,50000.00000
observation,.36263,-1.8740,.0148,50000.00000
observation,.36434,-1.8920,-.0032,50000.00000
observation,.36629,-1.8930,-.0042,50000.00000
observation,.36799,-1.8880,.0007,50000.00000
observation,.36970,-1.8940,-.0053,50000.00000
observation,.37140,-1.8950,-.0064,50000.00000
observation,.37311,-1.8900,-.0014,50000.00000
observation,.37458,-1.8950,-.0064,50000.00000
observation,.37611,-1.9010,-.0125,50000.00000
observation,.37773,-1.8960,-.0075,50000.00000
observation,.38051,-1.8950,-.0066,50000.00000
observation,.38519,-1.8890,-.0007,50000.00000
observation,.39071,-1.9030,-.0149,50000.00000
observation,.39460,-1.9060,-.0180,50000.00000
observation,.39710,-1.8940,-.0060,50000.00000
observation,.39957,-1.8880,-.0001,50000.00000
observation,.40337,-1.8880,-.0002,50000.00000
observation,.40825,-1.8950,-.0073,50000.00000
observation,.41330,-1.8980,-.0104,50000.00000
observation,.41829,-1.9010,-.0135,50000.00000
observation,.42192,-1.8910,-.0036,50000.00000
observation,.42535,-1.9020,-.0147,50000.00000
observation,.43017,-1.8970,-.0098,50000.00000
observation,.43483,-1.8960,-.0089,50000.00000
observation,.43912,-1.9060,-.0190,50000.00000
observation,.44316,-1.8990,-.0121,50000.00000
observation,.44564,-1.9080,-.0211,50000.00000
observation,.44839,-1.9110,-.0242,50000.00000
observation,.45290,-1.8960,-.0155,50000.00000
observation,.45756,-1.8890,-.0236,50000.00000
observation,.45992,-1.8580,-.0029,50000.00000
observation,.46133,-1.8580,-.0099,50000.00000
observation,.46255,-1.8420,-.0004,50000.00000
observation,.46378,-1.8390,-.0044,50000.00000
observation,.46500,-1.8360,-.0087,50000.00000
observation,.46628,-1.8230,-.0037,50000.00000
observation,.46757,-1.8070,.0039,50000.00000
observation,.46926,-1.7910,.0083,50000.00000
observation,.47159,-1.7760,.0065,50000.00000
observation,.47405,-1.7680,-.0041,50000.00000
observation,.47651,-1.7490,-.0043,50000.00000
observation,.47861,-1.7210,.0070,50000.00000
observation,.48028,-1.7110,.0038,50000.00000
observation,.48172,-1.7080,-.0044,50000.00000
observation,.48293,-1.6940,.0003,50000.00000
observation,.48413,-1.6800,.0053,50000.00000
observation,.48537,-1.6650,.0114,50000.00000
observation,.48659,-1.6590,.0090,50000.00000
observation,.48780,-1.6580,.0021,50000.00000
observation,.48923,-1.6470,.0044,50000.00000
observation,.49089,-1.6420,.0006,50000.00000
observation,.49265,-1.6410,-.0062,50000.00000
observation,.49434,-1.6270,.0020,50000.00000
observation,.49597,-1.6190,.0062,50000.00000
observation,.49767,-1.6140,.0092,50000.00000
observation,.49931,-1.6200,.0033,50000.00000
observation,.50085,-1.6220,.0031,50000.00000
observation,.50217,-1.6370,-.0090,50000.00000
observation,.50378,-1.6370,-.0039,50000.00000
observation,.50542,-1.6470,-.0070,50000.00000
observation,.50707,-1.6520,-.0037,50000.00000
observation,.50917,-1.6670,-.0062,50000.00000
observation,.51295,-1.6980,-.0110,50000.00000
observation,.51800,-1.7410,-.0150,50000.00000
observation,.52198,-1.7530,.0044,50000.00000
observation,.52625,-1.7830,.0066,50000.00000
observation,.52888,-1.8070,.0011,50000.00000
observation,.53147,-1.8230,.0019,50000.00000
observation,.53530,-1.8470,-.0001,50000.00000
observation,.53802,-1.8610,-.0010,50000.00000
observation,.54002,-1.8790,-.0107,50000.00000
observation,.54166,-1.8760,-.0020,50000.00000
observation,.54331,-1.8890,-.0101,50000.00000
observation,.54563,-1.8970,-.0130,50000.00000
observation,.54834,-1.8940,-.0072,50000.00000
observation,.55094,-1.9020,-.0151,50000.00000
observation,.55313,-1.8930,-.0061,50000.00000
observation,.55492,-1.8940,-.0071,50000.00000
observation,.55668,-1.8960,-.0090,50000.00000
observation,.55834,-1.9040,-.0170,50000.00000
observation,.56045,-1.8990,-.0120,50000.00000
observation,.56372,-1.9090,-.0219,50000.00000
observation,.56671,-1.9100,-.0228,50000.00000
observation,.57001,-1.8970,-.0097,50000.00000
observation,.57377,-1.9100,-.0227,50000.00000
observation,.57786,-1.9170,-.0296,50000.00000
observation,.58041,-1.9090,-.0215,50000.00000
observation,.58288,-1.9090,-.0214,50000.00000
observation,.58536,-1.9090,-.0214,50000.00000
observation,.58783,-1.9110,-.0233,50000.00000
observation,.59034,-1.9110,-.0233,50000.00000
observation,.59289,-1.9080,-.0202,50000.00000
observation,.59541,-1.9120,-.0241,50000.00000
observation,.59799,-1.9100,-.0221,50000.00000
observation,.60051,-1.9100,-.0220,50000.00000
observation,.60421,-1.8990,-.0109,50000.00000
observation,.60842,-1.9120,-.0238,50000.00000
observation,.61096,-1.9060,-.0177,50000.00000
observation,.61338,-1.8990,-.0107,50000.00000
observation,.61573,-1.8950,-.0066,50000.00000
observation,.61748,-1.8940,-.0056,50000.00000
observation,.61910,-1.8960,-.0075,50000.00000
observation,.62081,-1.8940,-.0055,50000.00000
observation,.62312,-1.8980,-.0094,50000.00000
observation,.62555,-1.8920,-.0034,50000.00000
observation,.62939,-1.8860,.0027,50000.00000
observation,.63374,-1.8870,.0018,50000.00000
observation,.65678,-1.8960,-.0067,50000.00000
observation,.66184,-1.8980,-.0086,50000.00000
observation,.66679,-1.8960,-.0066,50000.00000
observation,.66980,-1.8980,-.0085,50000.00000
observation,.67347,-1.8970,-.0075,50000.00000
observation,.67601,-1.8930,-.0034,50000.00000
observation,.67783,-1.8940,-.0044,50000.00000
observation,.67961,-1.8950,-.0054,50000.00000
observation,.68194,-1.8950,-.0054,50000.00000
observation,.68494,-1.9100,-.0204,50000.00000
observation,.68934,-1.8970,-.0073,50000.00000
observation,.69434,-1.8930,-.0033,50000.00000
observation,.69795,-1.8960,-.0063,50000.00000
observation,.70060,-1.8950,-.0053,50000.00000
observation,.70364,-1.9050,-.0153,50000.00000
observation,.70776,-1.8920,-.0023,50000.00000
observation,.71175,-1.8970,-.0074,50000.00000
observation,.71471,-1.8810,.0086,50000.00000
observation,.71806,-1.8810,.0086,50000.00000
observation,.72289,-1.8870,.0025,50000.00000
observation,.72794,-1.8830,.0064,50000.00000
observation,.73173,-1.8910,-.0016,50000.00000
observation,.73478,-1.9000,-.0107,50000.00000
observation,.74473,-1.8930,-.0039,50000.00000
observation,.74943,-1.8960,-.0070,50000.00000
observation,.75264,-1.8960,-.0071,50000.00000
observation,.75719,-1.8790,.0098,50000.00000
observation,.75990,-1.8760,.0127,50000.00000
observation,.76193,-1.8710,.0176,50000.00000
observation,.76419,-1.8650,.0235,50000.00000
observation,.76651,-1.8730,.0154,50000.00000
observation,.76853,-1.8870,.0014,50000.00000
observation,.77102,-1.8770,.0113,50000.00000
observation,.77405,-1.8840,.0041,50000.00000
observation,.77908,-1.8870,.0009,50000.00000
observation,.78419,-1.9010,-.0133,50000.00000
observation,.78910,-1.8900,-.0025,50000.00000
observation,.79213,-1.8790,.0083,50000.00000
observation,.79461,-1.8950,-.0078,50000.00000
observation,.79743,-1.8830,.0041,50000.00000
observation,.80199,-1.8630,.0238,50000.00000
observation,.80766,-1.8500,.0365,50000.00000
observation,.81511,-1.8520,.0341,50000.00000
observation,.81997,-1.8780,.0078,50000.00000
observation,.82482,-1.8700,.0155,50000.00000
observation,.82968,-1.8550,.0302,50000.00000
observation,.83466,-1.8610,.0239,50000.00000
observation,.83958,-1.8570,.0276,50000.00000
observation,.84353,-1.8710,.0134,50000.00000
observation,.84597,-1.8580,.0262,50000.00000
observation,.84899,-1.8670,.0170,50000.00000
observation,.85188,-1.8670,.0169,50000.00000
observation,.85432,-1.8650,.0187,50000.00000
observation,.85677,-1.8720,.0115,50000.00000
observation,.85925,-1.8720,.0114,50000.00000
observation,.86203,-1.8730,.0102,50000.00000
observation,.87567,-1.8380,.0443,50000.00000
observation,.88544,-1.8300,.0517,50000.00000
observation,.89078,-1.8290,.0524,50000.00000
observation,.89511,-1.8490,.0322,50000.00000
observation,.89849,-1.8550,.0260,50000.00000
observation,.91692,-1.8440,.0360,50000.00000
observation,.92172,-1.8440,.0357,50000.00000
observation,.92667,-1.8370,.0425,50000.00000
observation,.93168,-1.8590,.0203,50000.00000
observation,.93442,-1.8580,.0211,50000.00000
observation,.95793,-1.8210,.0029,50000.00000
observation,.96304,-1.7620,.0020,50000.00000
observation,.96834,-1.6750,.0091,50000.00000
observation,.97422,-1.5550,.0236,50000.00000
observation,.97750,-1.5290,-.0142,50000.00000
observation,.98013,-1.4790,-.0162,50000.00000
observation,.98394,-1.3880,.0016,50000.00000
observation,.98681,-1.3420,-.0031,50000.00000
observation,.98938,-1.2990,.0005,50000.00000
observation,.99185,-1.2780,-.0093,50000.00000
observation,.99433,-1.2540,-.0075,50000.00000
observation,.99694,-1.2260,.0079,50000.00000
observation,.99961,-1.2290,.0042,50000.00000
EBOP_model,.00000,-1.2341,,
EBOP_model,.00020,-1.2347,,
EBOP_model,.00040,-1.2353,,
EBOP_model,.00060,-1.2361,,
EBOP_model,.00080,-1.2368,,
EBOP_model,.00100,-1.2377,,
EBOP_model,.00120,-1.2386,,
EBOP_model,.00140,-1.2396,,
EBOP_model,.00160,-1.2407,,
EBOP_model,.00180,-1.2418,,
EBOP_model,.00200,-1.2430,,
EBOP_model,.00220,-1.2443,,
EBOP_model,.00240,-1.2456,,
EBOP_model,.00260,-1.2470,,
EBOP_model,.00280,-1.2484,,
EBOP_model,.00300,-1.2500,,
EBOP_model,.00320,-1.2515,,
EBOP_model,.00340,-1.2532,,
EBOP_model,.00360,-1.2549,,
EBOP_model,.00380,-1.2567,,
EBOP_model,.00400,-1.2585,,
EBOP_model,.00420,-1.2604,,
EBOP_model,.00440,-1.2623,,
EBOP_model,.00460,-1.2644,,
EBOP_model,.00480,-1.2664,,
EBOP_model,.00500,-1.2686,,
EBOP_model,.00520,-1.2708,,
EBOP_model,.00540,-1.2730,,
EBOP_model,.00560,-1.2753,,
EBOP_model,.00580,-1.2777,,
EBOP_model,.00600,-1.2801,,
EBOP_model,.00620,-1.2825,,
EBOP_model,.00640,-1.2850,,
EBOP_model,.00660,-1.2876,,
EBOP_model,.00680,-1.2902,,
EBOP_model,.00700,-1.2929,,
EBOP_model,.00720,-1.2956,,
EBOP_model,.00740,-1.2983,,
EBOP_model,.00760,-1.3011,,
EBOP_model,.00780,-1.3040,,
EBOP_model,.00800,-1.3069,,
EBOP_model,.00820,-1.3098,,
EBOP_model,.00840,-1.3128,,
EBOP_model,.00860,-1.3158,,
EBOP_model,.00880,-1.3189,,
EBOP_model,.00900,-1.3220,,
EBOP_model,.00920,-1.3252,,
EBOP_model,.00940,-1.3283,,
EBOP_model,.00960,-1.3316,,
EBOP_model,.00980,-1.3348,,
EBOP_model,.01000,-1.3381,,
EBOP_model,.01020,-1.3414,,
EBOP_model,.01040,-1.3448,,
EBOP_model,.01060,-1.3482,,
EBOP_model,.01080,-1.3516,,
EBOP_model,.01100,-1.3550,,
EBOP_model,.01120,-1.3585,,
EBOP_model,.01140,-1.3620,,
EBOP_model,.01160,-1.3656,,
EBOP_model,.01180,-1.3692,,
EBOP_model,.01200,-1.3727,,
EBOP_model,.01220,-1.3764,,
EBOP_model,.01240,-1.3800,,
EBOP_model,.01260,-1.3837,,
EBOP_model,.01280,-1.3873,,
EBOP_model,.01300,-1.3910,,
EBOP_model,.01320,-1.3948,,
EBOP_model,.01340,-1.3985,,
EBOP_model,.01360,-1.4023,,
EBOP_model,.01380,-1.4060,,
EBOP_model,.01400,-1.4098,,
EBOP_model,.01420,-1.4136,,
EBOP_model,.01440,-1.4175,,
EBOP_model,.01460,-1.4213,,
EBOP_model,.01480,-1.4252,,
EBOP_model,.01500,-1.4290,,
EBOP_model,.01520,-1.4329,,
EBOP_model,.01540,-1.4368,,
EBOP_model,.01560,-1.4407,,
EBOP_model,.01580,-1.4446,,
EBOP_model,.01600,-1.4485,,
EBOP_model,.01620,-1.4524,,
EBOP_model,.01640,-1.4563,,
EBOP_model,.01660,-1.4603,,
EBOP_model,.01680,-1.4642,,
EBOP_model,.01700,-1.4681,,
EBOP_model,.01720,-1.4721,,
EBOP_model,.01740,-1.4760,,
EBOP_model,.01760,-1.4800,,
EBOP_model,.01780,-1.4840,,
EBOP_model,.01800,-1.4879,,
EBOP_model,.01820,-1.4919,,
EBOP_model,.01840,-1.4958,,
EBOP_model,.01860,-1.4998,,
EBOP_model,.01880,-1.5037,,
EBOP_model,.01900,-1.5077,,
EBOP_model,.01920,-1.5116,,
EBOP_model,.01940,-1.5156,,
EBOP_model,.01960,-1.5195,,
EBOP_model,.01980,-1.5234,,
EBOP_model,.02000,-1.5274,,
EBOP_model,.02020,-1.5313,,
EBOP_model,.02040,-1.5352,,
EBOP_model,.02060,-1.5391,,
EBOP_model,.02080,-1.5430,,
EBOP_model,.02100,-1.5469,,
EBOP_model,.02120,-1.5508,,
EBOP_model,.02140,-1.5547,,
EBOP_model,.02160,-1.5586,,
EBOP_model,.02180,-1.5624,,
EBOP_model,.02200,-1.5663,,
EBOP_model,.02220,-1.5701,,
EBOP_model,.02240,-1.5740,,
EBOP_model,.02260,-1.5778,,
EBOP_model,.02280,-1.5816,,
EBOP_model,.02300,-1.5854,,
EBOP_model,.02320,-1.5892,,
EBOP_model,.02340,-1.5930,,
EBOP_model,.02360,-1.5967,,
EBOP_model,.02380,-1.6005,,
EBOP_model,.02400,-1.6042,,
EBOP_model,.02420,-1.6079,,
EBOP_model,.02440,-1.6116,,
EBOP_model,.02460,-1.6153,,
EBOP_model,.02480,-1.6190,,
EBOP_model,.02500,-1.6226,,
EBOP_model,.02520,-1.6263,,
EBOP_model,.02540,-1.6299,,
EBOP_model,.02560,-1.6335,,
EBOP_model,.02580,-1.6371,,
EBOP_model,.02600,-1.6407,,
EBOP_model,.02620,-1.6442,,
EBOP_model,.02640,-1.6478,,
EBOP_model,.02660,-1.6513,,
EBOP_model,.02680,-1.6548,,
EBOP_model,.02700,-1.6583,,
EBOP_model,.02720,-1.6617,,
EBOP_model,.02740,-1.6652,,
EBOP_model,.02760,-1.6686,,
EBOP_model,.02780,-1.6720,,
EBOP_model,.02800,-1.6754,,
EBOP_model,.02820,-1.6787,,
EBOP_model,.02840,-1.6821,,
EBOP_model,.02860,-1.6854,,
EBOP_model,.02880,-1.6887,,
EBOP_model,.02900,-1.6920,,
EBOP_model,.02920,-1.6952,,
EBOP_model,.02940,-1.6985,,
EBOP_model,.02960,-1.7017,,
EBOP_model,.02980,-1.7049,,
EBOP_model,.03000,-1.7080,,
EBOP_model,.03020,-1.7112,,
EBOP_model,.03040,-1.7143,,
EBOP_model,.03060,-1.7174,,
EBOP_model,.03080,-1.7205,,
EBOP_model,.03100,-1.7235,,
EBOP_model,.03120,-1.7266,,
EBOP_model,.03140,-1.7296,,
EBOP_model,.03160,-1.7326,,
EBOP_model,.03180,-1.7355,,
EBOP_model,.03200,-1.7385,,
EBOP_model,.03220,-1.7414,,
EBOP_model,.03240,-1.7443,,
EBOP_model,.03260,-1.7471,,
EBOP_model,.03280,-1.7500,,
EBOP_model,.03300,-1.7528,,
EBOP_model,.03320,-1.7555,,
EBOP_model,.03340,-1.7583,,
EBOP_model,.03360,-1.7610,,
EBOP_model,.03380,-1.7638,,
EBOP_model,.03400,-1.7664,,
EBOP_model,.03420,-1.7691,,
EBOP_model,.03440,-1.7717,,
EBOP_model,.03460,-1.7743,,
EBOP_model,.03480,-1.7769,,
EBOP_model,.03500,-1.7794,,
EBOP_model,.03520,-1.7820,,
EBOP_model,.03540,-1.7845,,
EBOP_model,.03560,-1.7869,,
EBOP_model,.03580,-1.7894,,
EBOP_model,.03600,-1.7918,,
EBOP_model,.03620,-1.7942,,
EBOP_model,.03640,-1.7965,,
EBOP_model,.03660,-1.7989,,
EBOP_model,.03680,-1.8011,,
EBOP_model,.03700,-1.8034,,
EBOP_model,.03720,-1.8057,,
EBOP_model,.03740,-1.8079,,
EBOP_model,.03760,-1.8101,,
EBOP_model,.03780,-1.8122,,
EBOP_model,.03800,-1.8144,,
EBOP_model,.03820,-1.8165,,
EBOP_model,.03840,-1.8185,,
EBOP_model,.03860,-1.8206,,
EBOP_model,.03880,-1.8226,,
EBOP_model,.03900,-1.8245,,
EBOP_model,.03920,-1.8265,,
EBOP_model,.03940,-1.8284,,
EBOP_model,.03960,-1.8303,,
EBOP_model,.03980,-1.8322,,
EBOP_model,.04000,-1.8340,,
EBOP_model,.04020,-1.8358,,
EBOP_model,.04040,-1.8375,,
EBOP_model,.04060,-1.8393,,
EBOP_model,.04080,-1.8410,,
EBOP_model,.04100,-1.8426,,
EBOP_model,.04120,-1.8443,,
EBOP_model,.04140,-1.8459,,
EBOP_model,.04160,-1.8474,,
EBOP_model,.04180,-1.8490,,
EBOP_model,.04200,-1.8505,,
EBOP_model,.04220,-1.8520,,
EBOP_model,.04240,-1.8534,,
EBOP_model,.04260,-1.8548,,
EBOP_model,.04280,-1.8562,,
EBOP_model,.04300,-1.8575,,
EBOP_model,.04320,-1.8588,,
EBOP_model,.04340,-1.8601,,
EBOP_model,.04360,-1.8613,,
EBOP_model,.04380,-1.8625,,
EBOP_model,.04400,-1.8636,,
EBOP_model,.04420,-1.8648,,
EBOP_model,.04440,-1.8658,,
EBOP_model,.04460,-1.8669,,
EBOP_model,.04480,-1.8679,,
EBOP_model,.04500,-1.8689,,
EBOP_model,.04520,-1.8698,,
EBOP_model,.04540,-1.8707,,
EBOP_model,.04560,-1.8715,,
EBOP_model,.04580,-1.8723,,
EBOP_model,.04600,-1.8731,,
EBOP_model,.04620,-1.8738,,
EBOP_model,.04640,-1.8745,,
EBOP_model,.04660,-1.8752,,
EBOP_model,.04680,-1.8758,,
EBOP_model,.04700,-1.8763,,
EBOP_model,.04720,-1.8768,,
EBOP_model,.04740,-1.8772,,
EBOP_model,.04760,-1.8776,,
EBOP_model,.04780,-1.8780,,
EBOP_model,.04800,-1.8783,,
EBOP_model,.04820,-1.8785,,
EBOP_model,.04840,-1.8786,,
EBOP_model,.04860,-1.8786,,
EBOP_model,.04880,-1.8786,,
EBOP_model,.04900,-1.8786,,
EBOP_model,.04920,-1.8786,,
EBOP_model,.04940,-1.8786,,
EBOP_model,.04960,-1.8786,,
EBOP_model,.04980,-1.8786,,
EBOP_model,.05000,-1.8787,,
EBOP_model,.05020,-1.8787,,
EBOP_model,.05040,-1.8787,,
EBOP_model,.05060,-1.8787,,
EBOP_model,.05080,-1.8787,,
EBOP_model,.05100,-1.8787,,
EBOP_model,.05120,-1.8787,,
EBOP_model,.05140,-1.8787,,
EBOP_model,.05160,-1.8787,,
EBOP_model,.05180,-1.8787,,
EBOP_model,.05200,-1.8787,,
EBOP_model,.05220,-1.8787,,
EBOP_model,.05240,-1.8787,,
EBOP_model,.05260,-1.8787,,
EBOP_model,.05280,-1.8788,,
EBOP_model,.05300,-1.8788,,
EBOP_model,.05320,-1.8788,,
EBOP_model,.05340,-1.8788,,
EBOP_model,.05360,-1.8788,,
EBOP_model,.05380,-1.8788,,
EBOP_model,.05400,-1.8788,,
EBOP_model,.05420,-1.8788,,
EBOP_model,.05440,-1.8788,,
EBOP_model,.05460,-1.8788,,
EBOP_model,.05480,-1.8788,,
EBOP_model,.05500,-1.8788,,
EBOP_model,.05520,-1.8788,,
EBOP_model,.05540,-1.8789,,
EBOP_model,.05560,-1.8789,,
EBOP_model,.05580,-1.8789,,
EBOP_model,.05600,-1.8789,,
EBOP_model,.05620,-1.8789,,
EBOP_model,.05640,-1.8789,,
EBOP_model,.05660,-1.8789,,
EBOP_model,.05680,-1.8789,,
EBOP_model,.05700,-1.8789,,
EBOP_model,.05720,-1.8789,,
EBOP_model,.05740,-1.8789,,
EBOP_model,.05760,-1.8789,,
EBOP_model,.05780,-1.8789,,
EBOP_model,.05800,-1.8790,,
EBOP_model,.05820,-1.8790,,
EBOP_model,.05840,-1.8790,,
EBOP_model,.05860,-1.8790,,
EBOP_model,.05880,-1.8790,,
EBOP_model,.05900,-1.8790,,
EBOP_model,.05920,-1.8790,,
EBOP_model,.05940,-1.8790,,
EBOP_model,.05960,-1.8790,,
EBOP_model,.05980,-1.8790,,
EBOP_model,.06000,-1.8790,,
EBOP_model,.06020,-1.8790,,
EBOP_model,.06040,-1.8790,,
EBOP_model,.06060,-1.8791,,
EBOP_model,.06080,-1.8791,,
EBOP_model,.06100,-1.8791,,
EBOP_model,.06120,-1.8791,,
EBOP_model,.06140,-1.8791,,
EBOP_model,.06160,-1.8791,,
EBOP_model,.06180,-1.8791,,
EBOP_model,.06200,-1.8791,,
EBOP_model,.06220,-1.8791,,
EBOP_model,.06240,-1.8791,,
EBOP_model,.06260,-1.8791,,
EBOP_model,.06280,-1.8792,,
EBOP_model,.06300,-1.8792,,
EBOP_model,.06320,-1.8792,,
EBOP_model,.06340,-1.8792,,
EBOP_model,.06360,-1.8792,,
EBOP_model,.06380,-1.8792,,
EBOP_model,.06400,-1.8792,,
EBOP_model,.06420,-1.8792,,
EBOP_model,.06440,-1.8792,,
EBOP_model,.06460,-1.8792,,
EBOP_model,.06480,-1.8792,,
EBOP_model,.06500,-1.8792,,
EBOP_model,.06520,-1.8793,,
EBOP_model,.06540,-1.8793,,
EBOP_model,.06560,-1.8793,,
EBOP_model,.06580,-1.8793,,
EBOP_model,.06600,-1.8793,,
EBOP_model,.06620,-1.8793,,
EBOP_model,.06640,-1.8793,,
EBOP_model,.06660,-1.8793,,
EBOP_model,.06680,-1.8793,,
EBOP_model,.06700,-1.8793,,
EBOP_model,.06720,-1.8793,,
EBOP_model,.06740,-1.8794,,
EBOP_model,.06760,-1.8794,,
EBOP_model,.06780,-1.8794,,
EBOP_model,.06800,-1.8794,,
EBOP_model,.06820,-1.8794,,
EBOP_model,.06840,-1.8794,,
EBOP_model,.06860,-1.8794,,
EBOP_model,.06880,-1.8794,,
EBOP_model,.06900,-1.8794,,
EBOP_model,.06920,-1.8794,,
EBOP_model,.06940,-1.8794,,
EBOP_model,.06960,-1.8795,,
EBOP_model,.06980,-1.8795,,
EBOP_model,.07000,-1.8795,,
EBOP_model,.07020,-1.8795,,
EBOP_model,.07040,-1.8795,,
EBOP_model,.07060,-1.8795,,
EBOP_model,.07080,-1.8795,,
EBOP_model,.07100,-1.8795,,
EBOP_model,.07120,-1.8795,,
EBOP_model,.07140,-1.8795,,
EBOP_model,.07160,-1.8795,,
EBOP_model,.07180,-1.8796,,
EBOP_model,.07200,-1.8796,,
EBOP_model,.07220,-1.8796,,
EBOP_model,.07240,-1.8796,,
EBOP_model,.07260,-1.8796,,
EBOP_model,.07280,-1.8796,,
EBOP_model,.07300,-1.8796,,
EBOP_model,.07320,-1.8796,,
EBOP_model,.07340,-1.8796,,
EBOP_model,.07360,-1.8796,,
EBOP_model,.07380,-1.8796,,
EBOP_model,.07400,-1.8797,,
EBOP_model,.07420,-1.8797,,
EBOP_model,.07440,-1.8797,,
EBOP_model,.07460,-1.8797,,
EBOP_model,.07480,-1.8797,,
EBOP_model,.07500,-1.8797,,
EBOP_model,.07520,-1.8797,,
EBOP_model,.07540,-1.8797,,
EBOP_model,.07560,-1.8797,,
EBOP_model,.07580,-1.8797,,
EBOP_model,.07600,-1.8798,,
EBOP_model,.07620,-1.8798,,
EBOP_model,.07640,-1.8798,,
EBOP_model,.07660,-1.8798,,
EBOP_model,.07680,-1.8798,,
EBOP_model,.07700,-1.8798,,
EBOP_model,.07720,-1.8798,,
EBOP_model,.07740,-1.8798,,
EBOP_model,.07760,-1.8798,,
EBOP_model,.07780,-1.8798,,
EBOP_model,.07800,-1.8799,,
EBOP_model,.07820,-1.8799,,
EBOP_model,.07840,-1.8799,,
EBOP_model,.07860,-1.8799,,
EBOP_model,.07880,-1.8799,,
EBOP_model,.07900,-1.8799,,
EBOP_model,.07920,-1.8799,,
EBOP_model,.07940,-1.8799,,
EBOP_model,.07960,-1.8799,,
EBOP_model,.07980,-1.8799,,
EBOP_model,.08000,-1.8800,,
EBOP_model,.08020,-1.8800,,
EBOP_model,.08040,-1.8800,,
EBOP_model,.08060,-1.8800,,
EBOP_model,.08080,-1.8800,,
EBOP_model,.08100,-1.8800,,
EBOP_model,.08120,-1.8800,,
EBOP_model,.08140,-1.8800,,
EBOP_model,.08160,-1.8800,,
EBOP_model,.08180,-1.8800,,
EBOP_model,.08200,-1.8801,,
EBOP_model,.08220,-1.8801,,
EBOP_model,.08240,-1.8801,,
EBOP_model,.08260,-1.8801,,
EBOP_model,.08280,-1.8801,,
EBOP_model,.08300,-1.8801,,
EBOP_model,.08320,-1.8801,,
EBOP_model,.08340,-1.8801,,
EBOP_model,.08360,-1.8801,,
EBOP_model,.08380,-1.8802,,
EBOP_model,.08400,-1.8802,,
EBOP_model,.08420,-1.8802,,
EBOP_model,.08440,-1.8802,,
EBOP_model,.08460,-1.8802,,
EBOP_model,.08480,-1.8802,,
EBOP_model,.08500,-1.8802,,
EBOP_model,.08520,-1.8802,,
EBOP_model,.08540,-1.8802,,
EBOP_model,.08560,-1.8802,,
EBOP_model,.08580,-1.8803,,
EBOP_model,.08600,-1.8803,,
EBOP_model,.08620,-1.8803,,
EBOP_model,.08640,-1.8803,,
EBOP_model,.08660,-1.8803,,
EBOP_model,.08680,-1.8803,,
EBOP_model,.08700,-1.8803,,
EBOP_model,.08720,-1.8803,,
EBOP_model,.08740,-1.8803,,
EBOP_model,.08760,-1.8804,,
EBOP_model,.08780,-1.8804,,
EBOP_model,.08800,-1.8804,,
EBOP_model,.08820,-1.8804,,
EBOP_model,.08840,-1.8804,,
EBOP_model,.08860,-1.8804,,
EBOP_model,.08880,-1.8804,,
EBOP_model,.08900,-1.8804,,
EBOP_model,.08920,-1.8804,,
EBOP_model,.08940,-1.8805,,
EBOP_model,.08960,-1.8805,,
EBOP_model,.08980,-1.8805,,
EBOP_model,.09000,-1.8805,,
EBOP_model,.09020,-1.8805,,
EBOP_model,.09040,-1.8805,,
EBOP_model,.09060,-1.8805,,
EBOP_model,.09080,-1.8805,,
EBOP_model,.09100,-1.8805,,
EBOP_model,.09120,-1.8806,,
EBOP_model,.09140,-1.8806,,
EBOP_model,.09160,-1.8806,,
EBOP_model,.09180,-1.8806,,
EBOP_model,.09200,-1.8806,,
EBOP_model,.09220,-1.8806,,
EBOP_model,.09240,-1.8806,,
EBOP_model,.09260,-1.8806,,
EBOP_model,.09280,-1.8806,,
EBOP_model,.09300,-1.8807,,
EBOP_model,.09320,-1.8807,,
EBOP_model,.09340,-1.8807,,
EBOP_model,.09360,-1.8807,,
EBOP_model,.09380,-1.8807,,
EBOP_model,.09400,-1.8807,,
EBOP_model,.09420,-1.8807,,
EBOP_model,.09440,-1.8807,,
EBOP_model,.09460,-1.8807,,
EBOP_model,.09480,-1.8808,,
EBOP_model,.09500,-1.8808,,
EBOP_model,.09520,-1.8808,,
EBOP_model,.09540,-1.8808,,
EBOP_model,.09560,-1.8808,,
EBOP_model,.09580,-1.8808,,
EBOP_model,.09600,-1.8808,,
EBOP_model,.09620,-1.8808,,
EBOP_model,.09640,-1.8808,,
EBOP_model,.09660,-1.8809,,
EBOP_model,.09680,-1.8809,,
EBOP_model,.09700,-1.8809,,
EBOP_model,.09720,-1.8809,,
EBOP_model,.09740,-1.8809,,
EBOP_model,.09760,-1.8809,,
EBOP_model,.09780,-1.8809,,
EBOP_model,.09800,-1.8809,,
EBOP_model,.09820,-1.8809,,
EBOP_model,.09840,-1.8810,,
EBOP_model,.09860,-1.8810,,
EBOP_model,.09880,-1.8810,,
EBOP_model,.09900,-1.8810,,
EBOP_model,.09920,-1.8810,,
EBOP_model,.09940,-1.8810,,
EBOP_model,.09960,-1.8810,,
EBOP_model,.09980,-1.8810,,
EBOP_model,.10000,-1.8811,,
EBOP_model,.10020,-1.8811,,
EBOP_model,.10040,-1.8811,,
EBOP_model,.10060,-1.8811,,
EBOP_model,.10080,-1.8811,,
EBOP_model,.10100,-1.8811,,
EBOP_model,.10120,-1.8811,,
EBOP_model,.10140,-1.8811,,
EBOP_model,.10160,-1.8811,,
EBOP_model,.10180,-1.8812,,
EBOP_model,.10200,-1.8812,,
EBOP_model,.10220,-1.8812,,
EBOP_model,.10240,-1.8812,,
EBOP_model,.10260,-1.8812,,
EBOP_model,.10280,-1.8812,,
EBOP_model,.10300,-1.8812,,
EBOP_model,.10320,-1.8812,,
EBOP_model,.10340,-1.8813,,
EBOP_model,.10360,-1.8813,,
EBOP_model,.10380,-1.8813,,
EBOP_model,.10400,-1.8813,,
EBOP_model,.10420,-1.8813,,
EBOP_model,.10440,-1.8813,,
EBOP_model,.10460,-1.8813,,
EBOP_model,.10480,-1.8813,,
EBOP_model,.10500,-1.8813,,
EBOP_model,.10520,-1.8814,,
EBOP_model,.10540,-1.8814,,
EBOP_model,.10560,-1.8814,,
EBOP_model,.10580,-1.8814,,
EBOP_model,.10600,-1.8814,,
EBOP_model,.10620,-1.8814,,
EBOP_model,.10640,-1.8814,,
EBOP_model,.10660,-1.8814,,
EBOP_model,.10680,-1.8815,,
EBOP_model,.10700,-1.8815,,
EBOP_model,.10720,-1.8815,,
EBOP_model,.10740,-1.8815,,
EBOP_model,.10760,-1.8815,,
EBOP_model,.10780,-1.8815,,
EBOP_model,.10800,-1.8815,,
EBOP_model,.10820,-1.8815,,
EBOP_model,.10840,-1.8816,,
EBOP_model,.10860,-1.8816,,
EBOP_model,.10880,-1.8816,,
EBOP_model,.10900,-1.8816,,
EBOP_model,.10920,-1.8816,,
EBOP_model,.10940,-1.8816,,
EBOP_model,.10960,-1.8816,,
EBOP_model,.10980,-1.8816,,
EBOP_model,.11000,-1.8816,,
EBOP_model,.11020,-1.8817,,
EBOP_model,.11040,-1.8817,,
EBOP_model,.11060,-1.8817,,
EBOP_model,.11080,-1.8817,,
EBOP_model,.11100,-1.8817,,
EBOP_model,.11120,-1.8817,,
EBOP_model,.11140,-1.8817,,
EBOP_model,.11160,-1.8817,,
EBOP_model,.11180,-1.8818,,
EBOP_model,.11200,-1.8818,,
EBOP_model,.11220,-1.8818,,
EBOP_model,.11240,-1.8818,,
EBOP_model,.11260,-1.8818,,
EBOP_model,.11280,-1.8818,,
EBOP_model,.11300,-1.8818,,
EBOP_model,.11320,-1.8818,,
EBOP_model,.11340,-1.8819,,
EBOP_model,.11360,-1.8819,,
EBOP_model,.11380,-1.8819,,
EBOP_model,.11400,-1.8819,,
EBOP_model,.11420,-1.8819,,
EBOP_model,.11440,-1.8819,,
EBOP_model,.11460,-1.8819,,
EBOP_model,.11480,-1.8819,,
EBOP_model,.11500,-1.8820,,
EBOP_model,.11520,-1.8820,,
EBOP_model,.11540,-1.8820,,
EBOP_model,.11560,-1.8820,,
EBOP_model,.11580,-1.8820,,
EBOP_model,.11600,-1.8820,,
EBOP_model,.11620,-1.8820,,
EBOP_model,.11640,-1.8820,,
EBOP_model,.11660,-1.8821,,
EBOP_model,.11680,-1.8821,,
EBOP_model,.11700,-1.8821,,
EBOP_model,.11720,-1.8821,,
EBOP_model,.11740,-1.8821,,
EBOP_model,.11760,-1.8821,,
EBOP_model,.11780,-1.8821,,
EBOP_model,.11800,-1.8821,,
EBOP_model,.11820,-1.8822,,
EBOP_model,.11840,-1.8822,,
EBOP_model,.11860,-1.8822,,
EBOP_model,.11880,-1.8822,,
EBOP_model,.11900,-1.8822,,
EBOP_model,.11920,-1.8822,,
EBOP_model,.11940,-1.8822,,
EBOP_model,.11960,-1.8822,,
EBOP_model,.11980,-1.8823,,
EBOP_model,.12000,-1.8823,,
EBOP_model,.12020,-1.8823,,
EBOP_model,.12040,-1.8823,,
EBOP_model,.12060,-1.8823,,
EBOP_model,.12080,-1.8823,,
EBOP_model,.12100,-1.8823,,
EBOP_model,.12120,-1.8823,,
EBOP_model,.12140,-1.8824,,
EBOP_model,.12160,-1.8824,,
EBOP_model,.12180,-1.8824,,
EBOP_model,.12200,-1.8824,,
EBOP_model,.12220,-1.8824,,
EBOP_model,.12240,-1.8824,,
EBOP_model,.12260,-1.8824,,
EBOP_model,.12280,-1.8824,,
EBOP_model,.12300,-1.8825,,
EBOP_model,.12320,-1.8825,,
EBOP_model,.12340,-1.8825,,
EBOP_model,.12360,-1.8825,,
EBOP_model,.12380,-1.8825,,
EBOP_model,.12400,-1.8825,,
EBOP_model,.12420,-1.8825,,
EBOP_model,.12440,-1.8825,,
EBOP_model,.12460,-1.8826,,
EBOP_model,.12480,-1.8826,,
EBOP_model,.12500,-1.8826,,
EBOP_model,.12520,-1.8826,,
EBOP_model,.12540,-1.8826,,
EBOP_model,.12560,-1.8826,,
EBOP_model,.12580,-1.8826,,
EBOP_model,.12600,-1.8826,,
EBOP_model,.12620,-1.8827,,
EBOP_model,.12640,-1.8827,,
EBOP_model,.12660,-1.8827,,
EBOP_model,.12680,-1.8827,,
EBOP_model,.12700,-1.8827,,
EBOP_model,.12720,-1.8827,,
EBOP_model,.12740,-1.8827,,
EBOP_model,.12760,-1.8827,,
EBOP_model,.12780,-1.8828,,
EBOP_model,.12800,-1.8828,,
EBOP_model,.12820,-1.8828,,
EBOP_model,.12840,-1.8828,,
EBOP_model,.12860,-1.8828,,
EBOP_model,.12880,-1.8828,,
EBOP_model,.12900,-1.8828,,
EBOP_model,.12920,-1.8828,,
EBOP_model,.12940,-1.8829,,
EBOP_model,.12960,-1.8829,,
EBOP_model,.12980,-1.8829,,
EBOP_model,.13000,-1.8829,,
EBOP_model,.13020,-1.8829,,
EBOP_model,.13040,-1.8829,,
EBOP_model,.13060,-1.8829,,
EBOP_model,.13080,-1.8829,,
EBOP_model,.13100,-1.8830,,
EBOP_model,.13120,-1.8830,,
EBOP_model,.13140,-1.8830,,
EBOP_model,.13160,-1.8830,,
EBOP_model,.13180,-1.8830,,
EBOP_model,.13200,-1.8830,,
EBOP_model,.13220,-1.8830,,
EBOP_model,.13240,-1.8831,,
EBOP_model,.13260,-1.8831,,
EBOP_model,.13280,-1.8831,,
EBOP_model,.13300,-1.8831,,
EBOP_model,.13320,-1.8831,,
EBOP_model,.13340,-1.8831,,
EBOP_model,.13360,-1.8831,,
EBOP_model,.13380,-1.8831,,
EBOP_model,.13400,-1.8832,,
EBOP_model,.13420,-1.8832,,
EBOP_model,.13440,-1.8832,,
EBOP_model,.13460,-1.8832,,
EBOP_model,.13480,-1.8832,,
EBOP_model,.13500,-1.8832,,
EBOP_model,.13520,-1.8832,,
EBOP_model,.13540,-1.8832,,
EBOP_model,.13560,-1.8833,,
EBOP_model,.13580,-1.8833,,
EBOP_model,.13600,-1.8833,,
EBOP_model,.13620,-1.8833,,
EBOP_model,.13640,-1.8833,,
EBOP_model,.13660,-1.8833,,
EBOP_model,.13680,-1.8833,,
EBOP_model,.13700,-1.8833,,
EBOP_model,.13720,-1.8834,,
EBOP_model,.13740,-1.8834,,
EBOP_model,.13760,-1.8834,,
EBOP_model,.13780,-1.8834,,
EBOP_model,.13800,-1.8834,,
EBOP_model,.13820,-1.8834,,
EBOP_model,.13840,-1.8834,,
EBOP_model,.13860,-1.8834,,
EBOP_model,.13880,-1.8835,,
EBOP_model,.13900,-1.8835,,
EBOP_model,.13920,-1.8835,,
EBOP_model,.13940,-1.8835,,
EBOP_model,.13960,-1.8835,,
EBOP_model,.13980,-1.8835,,
EBOP_model,.14000,-1.8835,,
EBOP_model,.14020,-1.8836,,
EBOP_model,.14040,-1.8836,,
EBOP_model,.14060,-1.8836,,
EBOP_model,.14080,-1.8836,,
EBOP_model,.14100,-1.8836,,
EBOP_model,.14120,-1.8836,,
EBOP_model,.14140,-1.8836,,
EBOP_model,.14160,-1.8836,,
EBOP_model,.14180,-1.8837,,
EBOP_model,.14200,-1.8837,,
EBOP_model,.14220,-1.8837,,
EBOP_model,.14240,-1.8837,,
EBOP_model,.14260,-1.8837,,
EBOP_model,.14280,-1.8837,,
EBOP_model,.14300,-1.8837,,
EBOP_model,.14320,-1.8837,,
EBOP_model,.14340,-1.8838,,
EBOP_model,.14360,-1.8838,,
EBOP_model,.14380,-1.8838,,
EBOP_model,.14400,-1.8838,,
EBOP_model,.14420,-1.8838,,
EBOP_model,.14440,-1.8838,,
EBOP_model,.14460,-1.8838,,
EBOP_model,.14480,-1.8838,,
EBOP_model,.14500,-1.8839,,
EBOP_model,.14520,-1.8839,,
EBOP_model,.14540,-1.8839,,
EBOP_model,.14560,-1.8839,,
EBOP_model,.14580,-1.8839,,
EBOP_model,.14600,-1.8839,,
EBOP_model,.14620,-1.8839,,
EBOP_model,.14640,-1.8839,,
EBOP_model,.14660,-1.8840,,
EBOP_model,.14680,-1.8840,,
EBOP_model,.14700,-1.8840,,
EBOP_model,.14720,-1.8840,,
EBOP_model,.14740,-1.8840,,
EBOP_model,.14760,-1.8840,,
EBOP_model,.14780,-1.8840,,
EBOP_model,.14800,-1.8840,,
EBOP_model,.14820,-1.8841,,
EBOP_model,.14840,-1.8841,,
EBOP_model,.14860,-1.8841,,
EBOP_model,.14880,-1.8841,,
EBOP_model,.14900,-1.8841,,
EBOP_model,.14920,-1.8841,,
EBOP_model,.14940,-1.8841,,
EBOP_model,.14960,-1.8841,,
EBOP_model,.14980,-1.8842,,
EBOP_model,.15000,-1.8842,,
EBOP_model,.15020,-1.8842,,
EBOP_model,.15040,-1.8842,,
EBOP_model,.15060,-1.8842,,
EBOP_model,.15080,-1.8842,,
EBOP_model,.15100,-1.8842,,
EBOP_model,.15120,-1.8843,,
EBOP_model,.15140,-1.8843,,
EBOP_model,.15160,-1.8843,,
EBOP_model,.15180,-1.8843,,
EBOP_model,.15200,-1.8843,,
EBOP_model,.15220,-1.8843,,
EBOP_model,.15240,-1.8843,,
EBOP_model,.15260,-1.8843,,
EBOP_model,.15280,-1.8844,,
EBOP_model,.15300,-1.8844,,
EBOP_model,.15320,-1.8844,,
EBOP_model,.15340,-1.8844,,
EBOP_model,.15360,-1.8844,,
EBOP_model,.15380,-1.8844,,
EBOP_model,.15400,-1.8844,,
EBOP_model,.15420,-1.8844,,
EBOP_model,.15440,-1.8845,,
EBOP_model,.15460,-1.8845,,
EBOP_model,.15480,-1.8845,,
EBOP_model,.15500,-1.8845,,
EBOP_model,.15520,-1.8845,,
EBOP_model,.15540,-1.8845,,
EBOP_model,.15560,-1.8845,,
EBOP_model,.15580,-1.8845,,
EBOP_model,.15600,-1.8846,,
EBOP_model,.15620,-1.8846,,
EBOP_model,.15640,-1.8846,,
EBOP_model,.15660,-1.8846,,
EBOP_model,.15680,-1.8846,,
EBOP_model,.15700,-1.8846,,
EBOP_model,.15720,-1.8846,,
EBOP_model,.15740,-1.8846,,
EBOP_model,.15760,-1.8847,,
EBOP_model,.15780,-1.8847,,
EBOP_model,.15800,-1.8847,,
EBOP_model,.15820,-1.8847,,
EBOP_model,.15840,-1.8847,,
EBOP_model,.15860,-1.8847,,
EBOP_model,.15880,-1.8847,,
EBOP_model,.15900,-1.8847,,
EBOP_model,.15920,-1.8848,,
EBOP_model,.15940,-1.8848,,
EBOP_model,.15960,-1.8848,,
EBOP_model,.15980,-1.8848,,
EBOP_model,.16000,-1.8848,,
EBOP_model,.16020,-1.8848,,
EBOP_model,.16040,-1.8848,,
EBOP_model,.16060,-1.8848,,
EBOP_model,.16080,-1.8849,,
EBOP_model,.16100,-1.8849,,
EBOP_model,.16120,-1.8849,,
EBOP_model,.16140,-1.8849,,
EBOP_model,.16160,-1.8849,,
EBOP_model,.16180,-1.8849,,
EBOP_model,.16200,-1.8849,,
EBOP_model,.16220,-1.8849,,
EBOP_model,.16240,-1.8850,,
EBOP_model,.16260,-1.8850,,
EBOP_model,.16280,-1.8850,,
EBOP_model,.16300,-1.8850,,
EBOP_model,.16320,-1.8850,,
EBOP_model,.16340,-1.8850,,
EBOP_model,.16360,-1.8850,,
EBOP_model,.16380,-1.8850,,
EBOP_model,.16400,-1.8851,,
EBOP_model,.16420,-1.8851,,
EBOP_model,.16440,-1.8851,,
EBOP_model,.16460,-1.8851,,
EBOP_model,.16480,-1.8851,,
EBOP_model,.16500,-1.8851,,
EBOP_model,.16520,-1.8851,,
EBOP_model,.16540,-1.8851,,
EBOP_model,.16560,-1.8852,,
EBOP_model,.16580,-1.8852,,
EBOP_model,.16600,-1.8852,,
EBOP_model,.16620,-1.8852,,
EBOP_model,.16640,-1.8852,,
EBOP_model,.16660,-1.8852,,
EBOP_model,.16680,-1.8852,,
EBOP_model,.16700,-1.8852,,
EBOP_model,.16720,-1.8852,,
EBOP_model,.16740,-1.8853,,
EBOP_model,.16760,-1.8853,,
EBOP_model,.16780,-1.8853,,
EBOP_model,.16800,-1.8853,,
EBOP_model,.16820,-1.8853,,
EBOP_model,.16840,-1.8853,,
EBOP_model,.16860,-1.8853,,
EBOP_model,.16880,-1.8853,,
EBOP_model,.16900,-1.8854,,
EBOP_model,.16920,-1.8854,,
EBOP_model,.16940,-1.8854,,
EBOP_model,.16960,-1.8854,,
EBOP_model,.16980,-1.8854,,
EBOP_model,.17000,-1.8854,,
EBOP_model,.17020,-1.8854,,
EBOP_model,.17040,-1.8854,,
EBOP_model,.17060,-1.8855,,
EBOP_model,.17080,-1.8855,,
EBOP_model,.17100,-1.8855,,
EBOP_model,.17120,-1.8855,,
EBOP_model,.17140,-1.8855,,
EBOP_model,.17160,-1.8855,,
EBOP_model,.17180,-1.8855,,
EBOP_model,.17200,-1.8855,,
EBOP_model,.17220,-1.8856,,
EBOP_model,.17240,-1.8856,,
EBOP_model,.17260,-1.8856,,
EBOP_model,.17280,-1.8856,,
EBOP_model,.17300,-1.8856,,
EBOP_model,.17320,-1.8856,,
EBOP_model,.17340,-1.8856,,
EBOP_model,.17360,-1.8856,,
EBOP_model,.17380,-1.8856,,
EBOP_model,.17400,-1.8857,,
EBOP_model,.17420,-1.8857,,
EBOP_model,.17440,-1.8857,,
EBOP_model,.17460,-1.8857,,
EBOP_model,.17480,-1.8857,,
EBOP_model,.17500,-1.8857,,
EBOP_model,.17520,-1.8857,,
EBOP_model,.17540,-1.8857,,
EBOP_model,.17560,-1.8858,,
EBOP_model,.17580,-1.8858,,
EBOP_model,.17600,-1.8858,,
EBOP_model,.17620,-1.8858,,
EBOP_model,.17640,-1.8858,,
EBOP_model,.17660,-1.8858,,
EBOP_model,.17680,-1.8858,,
EBOP_model,.17700,-1.8858,,
EBOP_model,.17720,-1.8858,,
EBOP_model,.17740,-1.8859,,
EBOP_model,.17760,-1.8859,,
EBOP_model,.17780,-1.8859,,
EBOP_model,.17800,-1.8859,,
EBOP_model,.17820,-1.8859,,
EBOP_model,.17840,-1.8859,,
EBOP_model,.17860,-1.8859,,
EBOP_model,.17880,-1.8859,,
EBOP_model,.17900,-1.8860,,
EBOP_model,.17920,-1.8860,,
EBOP_model,.17940,-1.8860,,
EBOP_model,.17960,-1.8860,,
EBOP_model,.17980,-1.8860,,
EBOP_model,.18000,-1.8860,,
EBOP_model,.18020,-1.8860,,
EBOP_model,.18040,-1.8860,,
EBOP_model,.18060,-1.8860,,
EBOP_model,.18080,-1.8861,,
EBOP_model,.18100,-1.8861,,
EBOP_model,.18120,-1.8861,,
EBOP_model,.18140,-1.8861,,
EBOP_model,.18160,-1.8861,,
EBOP_model,.18180,-1.8861,,
EBOP_model,.18200,-1.8861,,
EBOP_model,.18220,-1.8861,,
EBOP_model,.18240,-1.8861,,
EBOP_model,.18260,-1.8862,,
EBOP_model,.18280,-1.8862,,
EBOP_model,.18300,-1.8862,,
EBOP_model,.18320,-1.8862,,
EBOP_model,.18340,-1.8862,,
EBOP_model,.18360,-1.8862,,
EBOP_model,.18380,-1.8862,,
EBOP_model,.18400,-1.8862,,
EBOP_model,.18420,-1.8862,,
EBOP_model,.18440,-1.8863,,
EBOP_model,.18460,-1.8863,,
EBOP_model,.18480,-1.8863,,
EBOP_model,.18500,-1.8863,,
EBOP_model,.18520,-1.8863,,
EBOP_model,.18540,-1.8863,,
EBOP_model,.18560,-1.8863,,
EBOP_model,.18580,-1.8863,,
EBOP_model,.18600,-1.8864,,
EBOP_model,.18620,-1.8864,,
EBOP_model,.18640,-1.8864,,
EBOP_model,.18660,-1.8864,,
EBOP_model,.18680,-1.8864,,
EBOP_model,.18700,-1.8864,,
EBOP_model,.18720,-1.8864,,
EBOP_model,.18740,-1.8864,,
EBOP_model,.18760,-1.8864,,
EBOP_model,.18780,-1.8865,,
EBOP_model,.18800,-1.8865,,
EBOP_model,.18820,-1.8865,,
EBOP_model,.18840,-1.8865,,
EBOP_model,.18860,-1.8865,,
EBOP_model,.18880,-1.8865,,
EBOP_model,.18900,-1.8865,,
EBOP_model,.18920,-1.8865,,
EBOP_model,.18940,-1.8865,,
EBOP_model,.18960,-1.8865,,
EBOP_model,.18980,-1.8866,,
EBOP_model,.19000,-1.8866,,
EBOP_model,.19020,-1.8866,,
EBOP_model,.19040,-1.8866,,
EBOP_model,.19060,-1.8866,,
EBOP_model,.19080,-1.8866,,
EBOP_model,.19100,-1.8866,,
EBOP_model,.19120,-1.8866,,
EBOP_model,.19140,-1.8866,,
EBOP_model,.19160,-1.8867,,
EBOP_model,.19180,-1.8867,,
EBOP_model,.19200,-1.8867,,
EBOP_model,.19220,-1.8867,,
EBOP_model,.19240,-1.8867,,
EBOP_model,.19260,-1.8867,,
EBOP_model,.19280,-1.8867,,
EBOP_model,.19300,-1.8867,,
EBOP_model,.19320,-1.8867,,
EBOP_model,.19340,-1.8868,,
EBOP_model,.19360,-1.8868,,
EBOP_model,.19380,-1.8868,,
EBOP_model,.19400,-1.8868,,
EBOP_model,.19420,-1.8868,,
EBOP_model,.19440,-1.8868,,
EBOP_model,.19460,-1.8868,,
EBOP_model,.19480,-1.8868,,
EBOP_model,.19500,-1.8868,,
EBOP_model,.19520,-1.8868,,
EBOP_model,.19540,-1.8869,,
EBOP_model,.19560,-1.8869,,
EBOP_model,.19580,-1.8869,,
EBOP_model,.19600,-1.8869,,
EBOP_model,.19620,-1.8869,,
EBOP_model,.19640,-1.8869,,
EBOP_model,.19660,-1.8869,,
EBOP_model,.19680,-1.8869,,
EBOP_model,.19700,-1.8869,,
EBOP_model,.19720,-1.8870,,
EBOP_model,.19740,-1.8870,,
EBOP_model,.19760,-1.8870,,
EBOP_model,.19780,-1.8870,,
EBOP_model,.19800,-1.8870,,
EBOP_model,.19820,-1.8870,,
EBOP_model,.19840,-1.8870,,
EBOP_model,.19860,-1.8870,,
EBOP_model,.19880,-1.8870,,
EBOP_model,.19900,-1.8870,,
EBOP_model,.19920,-1.8871,,
EBOP_model,.19940,-1.8871,,
EBOP_model,.19960,-1.8871,,
EBOP_model,.19980,-1.8871,,
EBOP_model,.20000,-1.8871,,
EBOP_model,.20020,-1.8871,,
EBOP_model,.20040,-1.8871,,
EBOP_model,.20060,-1.8871,,
EBOP_model,.20080,-1.8871,,
EBOP_model,.20100,-1.8871,,
EBOP_model,.20120,-1.8872,,
EBOP_model,.20140,-1.8872,,
EBOP_model,.20160,-1.8872,,
EBOP_model,.20180,-1.8872,,
EBOP_model,.20200,-1.8872,,
EBOP_model,.20220,-1.8872,,
EBOP_model,.20240,-1.8872,,
EBOP_model,.20260,-1.8872,,
EBOP_model,.20280,-1.8872,,
EBOP_model,.20300,-1.8872,,
EBOP_model,.20320,-1.8873,,
EBOP_model,.20340,-1.8873,,
EBOP_model,.20360,-1.8873,,
EBOP_model,.20380,-1.8873,,
EBOP_model,.20400,-1.8873,,
EBOP_model,.20420,-1.8873,,
EBOP_model,.20440,-1.8873,,
EBOP_model,.20460,-1.8873,,
EBOP_model,.20480,-1.8873,,
EBOP_model,.20500,-1.8873,,
EBOP_model,.20520,-1.8874,,
EBOP_model,.20540,-1.8874,,
EBOP_model,.20560,-1.8874,,
EBOP_model,.20580,-1.8874,,
EBOP_model,.20600,-1.8874,,
EBOP_model,.20620,-1.8874,,
EBOP_model,.20640,-1.8874,,
EBOP_model,.20660,-1.8874,,
EBOP_model,.20680,-1.8874,,
EBOP_model,.20700,-1.8874,,
EBOP_model,.20720,-1.8875,,
EBOP_model,.20740,-1.8875,,
EBOP_model,.20760,-1.8875,,
EBOP_model,.20780,-1.8875,,
EBOP_model,.20800,-1.8875,,
EBOP_model,.20820,-1.8875,,
EBOP_model,.20840,-1.8875,,
EBOP_model,.20860,-1.8875,,
EBOP_model,.20880,-1.8875,,
EBOP_model,.20900,-1.8875,,
EBOP_model,.20920,-1.8875,,
EBOP_model,.20940,-1.8876,,
EBOP_model,.20960,-1.8876,,
EBOP_model,.20980,-1.8876,,
EBOP_model,.21000,-1.8876,,
EBOP_model,.21020,-1.8876,,
EBOP_model,.21040,-1.8876,,
EBOP_model,.21060,-1.8876,,
EBOP_model,.21080,-1.8876,,
EBOP_model,.21100,-1.8876,,
EBOP_model,.21120,-1.8876,,
EBOP_model,.21140,-1.8876,,
EBOP_model,.21160,-1.8877,,
EBOP_model,.21180,-1.8877,,
EBOP_model,.21200,-1.8877,,
EBOP_model,.21220,-1.8877,,
EBOP_model,.21240,-1.8877,,
EBOP_model,.21260,-1.8877,,
EBOP_model,.21280,-1.8877,,
EBOP_model,.21300,-1.8877,,
EBOP_model,.21320,-1.8877,,
EBOP_model,.21340,-1.8877,,
EBOP_model,.21360,-1.8877,,
EBOP_model,.21380,-1.8878,,
EBOP_model,.21400,-1.8878,,
EBOP_model,.21420,-1.8878,,
EBOP_model,.21440,-1.8878,,
EBOP_model,.21460,-1.8878,,
EBOP_model,.21480,-1.8878,,
EBOP_model,.21500,-1.8878,,
EBOP_model,.21520,-1.8878,,
EBOP_model,.21540,-1.8878,,
EBOP_model,.21560,-1.8878,,
EBOP_model,.21580,-1.8878,,
EBOP_model,.21600,-1.8879,,
EBOP_model,.21620,-1.8879,,
EBOP_model,.21640,-1.8879,,
EBOP_model,.21660,-1.8879,,
EBOP_model,.21680,-1.8879,,
EBOP_model,.21700,-1.8879,,
EBOP_model,.21720,-1.8879,,
EBOP_model,.21740,-1.8879,,
EBOP_model,.21760,-1.8879,,
EBOP_model,.21780,-1.8879,,
EBOP_model,.21800,-1.8879,,
EBOP_model,.21820,-1.8880,,
EBOP_model,.21840,-1.8880,,
EBOP_model,.21860,-1.8880,,
EBOP_model,.21880,-1.8880,,
EBOP_model,.21900,-1.8880,,
EBOP_model,.21920,-1.8880,,
EBOP_model,.21940,-1.8880,,
EBOP_model,.21960,-1.8880,,
EBOP_model,.21980,-1.8880,,
EBOP_model,.22000,-1.8880,,
EBOP_model,.22020,-1.8880,,
EBOP_model,.22040,-1.8880,,
EBOP_model,.22060,-1.8881,,
EBOP_model,.22080,-1.8881,,
EBOP_model,.22100,-1.8881,,
EBOP_model,.22120,-1.8881,,
EBOP_model,.22140,-1.8881,,
EBOP_model,.22160,-1.8881,,
EBOP_model,.22180,-1.8881,,
EBOP_model,.22200,-1.8881,,
EBOP_model,.22220,-1.8881,,
EBOP_model,.22240,-1.8881,,
EBOP_model,.22260,-1.8881,,
EBOP_model,.22280,-1.8881,,
EBOP_model,.22300,-1.8882,,
EBOP_model,.22320,-1.8882,,
EBOP_model,.22340,-1.8882,,
EBOP_model,.22360,-1.8882,,
EBOP_model,.22380,-1.8882,,
EBOP_model,.22400,-1.8882,,
EBOP_model,.22420,-1.8882,,
EBOP_model,.22440,-1.8882,,
EBOP_model,.22460,-1.8882,,
EBOP_model,.22480,-1.8882,,
EBOP_model,.22500,-1.8882,,
EBOP_model,.22520,-1.8882,,
EBOP_model,.22540,-1.8882,,
EBOP_model,.22560,-1.8883,,
EBOP_model,.22580,-1.8883,,
EBOP_model,.22600,-1.8883,,
EBOP_model,.22620,-1.8883,,
EBOP_model,.22640,-1.8883,,
EBOP_model,.22660,-1.8883,,
EBOP_model,.22680,-1.8883,,
EBOP_model,.22700,-1.8883,,
EBOP_model,.22720,-1.8883,,
EBOP_model,.22740,-1.8883,,
EBOP_model,.22760,-1.8883,,
EBOP_model,.22780,-1.8883,,
EBOP_model,.22800,-1.8883,,
EBOP_model,.22820,-1.8884,,
EBOP_model,.22840,-1.8884,,
EBOP_model,.22860,-1.8884,,
EBOP_model,.22880,-1.8884,,
EBOP_model,.22900,-1.8884,,
EBOP_model,.22920,-1.8884,,
EBOP_model,.22940,-1.8884,,
EBOP_model,.22960,-1.8884,,
EBOP_model,.22980,-1.8884,,
EBOP_model,.23000,-1.8884,,
EBOP_model,.23020,-1.8884,,
EBOP_model,.23040,-1.8884,,
EBOP_model,.23060,-1.8884,,
EBOP_model,.23080,-1.8885,,
EBOP_model,.23100,-1.8885,,
EBOP_model,.23120,-1.8885,,
EBOP_model,.23140,-1.8885,,
EBOP_model,.23160,-1.8885,,
EBOP_model,.23180,-1.8885,,
EBOP_model,.23200,-1.8885,,
EBOP_model,.23220,-1.8885,,
EBOP_model,.23240,-1.8885,,
EBOP_model,.23260,-1.8885,,
EBOP_model,.23280,-1.8885,,
EBOP_model,.23300,-1.8885,,
EBOP_model,.23320,-1.8885,,
EBOP_model,.23340,-1.8885,,
EBOP_model,.23360,-1.8886,,
EBOP_model,.23380,-1.8886,,
EBOP_model,.23400,-1.8886,,
EBOP_model,.23420,-1.8886,,
EBOP_model,.23440,-1.8886,,
EBOP_model,.23460,-1.8886,,
EBOP_model,.23480,-1.8886,,
EBOP_model,.23500,-1.8886,,
EBOP_model,.23520,-1.8886,,
EBOP_model,.23540,-1.8886,,
EBOP_model,.23560,-1.8886,,
EBOP_model,.23580,-1.8886,,
EBOP_model,.23600,-1.8886,,
EBOP_model,.23620,-1.8886,,
EBOP_model,.23640,-1.8886,,
EBOP_model,.23660,-1.8887,,
EBOP_model,.23680,-1.8887,,
EBOP_model,.23700,-1.8887,,
EBOP_model,.23720,-1.8887,,
EBOP_model,.23740,-1.8887,,
EBOP_model,.23760,-1.8887,,
EBOP_model,.23780,-1.8887,,
EBOP_model,.23800,-1.8887,,
EBOP_model,.23820,-1.8887,,
EBOP_model,.23840,-1.8887,,
EBOP_model,.23860,-1.8887,,
EBOP_model,.23880,-1.8887,,
EBOP_model,.23900,-1.8887,,
EBOP_model,.23920,-1.8887,,
EBOP_model,.23940,-1.8887,,
EBOP_model,.23960,-1.8888,,
EBOP_model,.23980,-1.8888,,
EBOP_model,.24000,-1.8888,,
EBOP_model,.24020,-1.8888,,
EBOP_model,.24040,-1.8888,,
EBOP_model,.24060,-1.8888,,
EBOP_model,.24080,-1.8888,,
EBOP_model,.24100,-1.8888,,
EBOP_model,.24120,-1.8888,,
EBOP_model,.24140,-1.8888,,
EBOP_model,.24160,-1.8888,,
EBOP_model,.24180,-1.8888,,
EBOP_model,.24200,-1.8888,,
EBOP_model,.24220,-1.8888,,
EBOP_model,.24240,-1.8888,,
EBOP_model,.24260,-1.8888,,
EBOP_model,.24280,-1.8888,,
EBOP_model,.24300,-1.8889,,
EBOP_model,.24320,-1.8889,,
EBOP_model,.24340,-1.8889,,
EBOP_model,.24360,-1.8889,,
EBOP_model,.24380,-1.8889,,
EBOP_model,.24400,-1.8889,,
EBOP_model,.24420,-1.8889,,
EBOP_model,.24440,-1.8889,,
EBOP_model,.24460,-1.8889,,
EBOP_model,.24480,-1.8889,,
EBOP_model,.24500,-1.8889,,
EBOP_model,.24520,-1.8889,,
EBOP_model,.24540,-1.8889,,
EBOP_model,.24560,-1.8889,,
EBOP_model,.24580,-1.8889,,
EBOP_model,.24600,-1.8889,,
EBOP_model,.24620,-1.8889,,
EBOP_model,.24640,-1.8890,,
EBOP_model,.24660,-1.8890,,
EBOP_model,.24680,-1.8890,,
EBOP_model,.24700,-1.8890,,
EBOP_model,.24720,-1.8890,,
EBOP_model,.24740,-1.8890,,
EBOP_model,.24760,-1.8890,,
EBOP_model,.24780,-1.8890,,
EBOP_model,.24800,-1.8890,,
EBOP_model,.24820,-1.8890,,
EBOP_model,.24840,-1.8890,,
EBOP_model,.24860,-1.8890,,
EBOP_model,.24880,-1.8890,,
EBOP_model,.24900,-1.8890,,
EBOP_model,.24920,-1.8890,,
EBOP_model,.24940,-1.8890,,
EBOP_model,.24960,-1.8890,,
EBOP_model,.24980,-1.8890,,
EBOP_model,.25000,-1.8891,,
EBOP_model,.25020,-1.8891,,
EBOP_model,.25040,-1.8891,,
EBOP_model,.25060,-1.8891,,
EBOP_model,.25080,-1.8891,,
EBOP_model,.25100,-1.8891,,
EBOP_model,.25120,-1.8891,,
EBOP_model,.25140,-1.8891,,
EBOP_model,.25160,-1.8891,,
EBOP_model,.25180,-1.8891,,
EBOP_model,.25200,-1.8891,,
EBOP_model,.25220,-1.8891,,
EBOP_model,.25240,-1.8891,,
EBOP_model,.25260,-1.8891,,
EBOP_model,.25280,-1.8891,,
EBOP_model,.25300,-1.8891,,
EBOP_model,.25320,-1.8891,,
EBOP_model,.25340,-1.8891,,
EBOP_model,.25360,-1.8891,,
EBOP_model,.25380,-1.8891,,
EBOP_model,.25400,-1.8892,,
EBOP_model,.25420,-1.8892,,
EBOP_model,.25440,-1.8892,,
EBOP_model,.25460,-1.8892,,
EBOP_model,.25480,-1.8892,,
EBOP_model,.25500,-1.8892,,
EBOP_model,.25520,-1.8892,,
EBOP_model,.25540,-1.8892,,
EBOP_model,.25560,-1.8892,,
EBOP_model,.25580,-1.8892,,
EBOP_model,.25600,-1.8892,,
EBOP_model,.25620,-1.8892,,
EBOP_model,.25640,-1.8892,,
EBOP_model,.25660,-1.8892,,
EBOP_model,.25680,-1.8892,,
EBOP_model,.25700,-1.8892,,
EBOP_model,.25720,-1.8892,,
EBOP_model,.25740,-1.8892,,
EBOP_model,.25760,-1.8892,,
EBOP_model,.25780,-1.8892,,
EBOP_model,.25800,-1.8892,,
EBOP_model,.25820,-1.8892,,
EBOP_model,.25840,-1.8893,,
EBOP_model,.25860,-1.8893,,
EBOP_model,.25880,-1.8893,,
EBOP_model,.25900,-1.8893,,
EBOP_model,.25920,-1.8893,,
EBOP_model,.25940,-1.8893,,
EBOP_model,.25960,-1.8893,,
EBOP_model,.25980,-1.8893,,
EBOP_model,.26000,-1.8893,,
EBOP_model,.26020,-1.8893,,
EBOP_model,.26040,-1.8893,,
EBOP_model,.26060,-1.8893,,
EBOP_model,.26080,-1.8893,,
EBOP_model,.26100,-1.8893,,
EBOP_model,.26120,-1.8893,,
EBOP_model,.26140,-1.8893,,
EBOP_model,.26160,-1.8893,,
EBOP_model,.26180,-1.8893,,
EBOP_model,.26200,-1.8893,,
EBOP_model,.26220,-1.8893,,
EBOP_model,.26240,-1.8893,,
EBOP_model,.26260,-1.8893,,
EBOP_model,.26280,-1.8893,,
EBOP_model,.26300,-1.8893,,
EBOP_model,.26320,-1.8893,,
EBOP_model,.26340,-1.8894,,
EBOP_model,.26360,-1.8894,,
EBOP_model,.26380,-1.8894,,
EBOP_model,.26400,-1.8894,,
EBOP_model,.26420,-1.8894,,
EBOP_model,.26440,-1.8894,,
EBOP_model,.26460,-1.8894,,
EBOP_model,.26480,-1.8894,,
EBOP_model,.26500,-1.8894,,
EBOP_model,.26520,-1.8894,,
EBOP_model,.26540,-1.8894,,
EBOP_model,.26560,-1.8894,,
EBOP_model,.26580,-1.8894,,
EBOP_model,.26600,-1.8894,,
EBOP_model,.26620,-1.8894,,
EBOP_model,.26640,-1.8894,,
EBOP_model,.26660,-1.8894,,
EBOP_model,.26680,-1.8894,,
EBOP_model,.26700,-1.8894,,
EBOP_model,.26720,-1.8894,,
EBOP_model,.26740,-1.8894,,
EBOP_model,.26760,-1.8894,,
EBOP_model,.26780,-1.8894,,
EBOP_model,.26800,-1.8894,,
EBOP_model,.26820,-1.8894,,
EBOP_model,.26840,-1.8894,,
EBOP_model,.26860,-1.8894,,
EBOP_model,.26880,-1.8894,,
EBOP_model,.26900,-1.8894,,
EBOP_model,.26920,-1.8895,,
EBOP_model,.26940,-1.8895,,
EBOP_model,.26960,-1.8895,,
EBOP_model,.26980,-1.8895,,
EBOP_model,.27000,-1.8895,,
EBOP_model,.27020,-1.8895,,
EBOP_model,.27040,-1.8895,,
EBOP_model,.27060,-1.8895,,
EBOP_model,.27080,-1.8895,,
EBOP_model,.27100,-1.8895,,
EBOP_model,.27120,-1.8895,,
EBOP_model,.27140,-1.8895,,
EBOP_model,.27160,-1.8895,,
EBOP_model,.27180,-1.8895,,
EBOP_model,.27200,-1.8895,,
EBOP_model,.27220,-1.8895,,
EBOP_model,.27240,-1.8895,,
EBOP_model,.27260,-1.8895,,
EBOP_model,.27280,-1.8895,,
EBOP_model,.27300,-1.8895,,
EBOP_model,.27320,-1.8895,,
EBOP_model,.27340,-1.8895,,
EBOP_model,.27360,-1.8895,,
EBOP_model,.27380,-1.8895,,
EBOP_model,.27400,-1.8895,,
EBOP_model,.27420,-1.8895,,
EBOP_model,.27440,-1.8895,,
EBOP_model,.27460,-1.8895,,
EBOP_model,.27480,-1.8895,,
EBOP_model,.27500,-1.8895,,
EBOP_model,.27520,-1.8895,,
EBOP_model,.27540,-1.8895,,
EBOP_model,.27560,-1.8895,,
EBOP_model,.27580,-1.8895,,
EBOP_model,.27600,-1.8895,,
EBOP_model,.27620,-1.8895,,
EBOP_model,.27640,-1.8895,,
EBOP_model,.27660,-1.8896,,
EBOP_model,.27680,-1.8896,,
EBOP_model,.27700,-1.8896,,
EBOP_model,.27720,-1.8896,,
EBOP_model,.27740,-1.8896,,
EBOP_model,.27760,-1.8896,,
EBOP_model,.27780,-1.8896,,
EBOP_model,.27800,-1.8896,,
EBOP_model,.27820,-1.8896,,
EBOP_model,.27840,-1.8896,,
EBOP_model,.27860,-1.8896,,
EBOP_model,.27880,-1.8896,,
EBOP_model,.27900,-1.8896,,
EBOP_model,.27920,-1.8896,,
EBOP_model,.27940,-1.8896,,
EBOP_model,.27960,-1.8896,,
EBOP_model,.27980,-1.8896,,
EBOP_model,.28000,-1.8896,,
EBOP_model,.28020,-1.8896,,
EBOP_model,.28040,-1.8896,,
EBOP_model,.28060,-1.8896,,
EBOP_model,.28080,-1.8896,,
EBOP_model,.28100,-1.8896,,
EBOP_model,.28120,-1.8896,,
EBOP_model,.28140,-1.8896,,
EBOP_model,.28160,-1.8896,,
EBOP_model,.28180,-1.8896,,
EBOP_model,.28200,-1.8896,,
EBOP_model,.28220,-1.8896,,
EBOP_model,.28240,-1.8896,,
EBOP_model,.28260,-1.8896,,
EBOP_model,.28280,-1.8896,,
EBOP_model,.28300,-1.8896,,
EBOP_model,.28320,-1.8896,,
EBOP_model,.28340,-1.8896,,
EBOP_model,.28360,-1.8896,,
EBOP_model,.28380,-1.8896,,
EBOP_model,.28400,-1.8896,,
EBOP_model,.28420,-1.8896,,
EBOP_model,.28440,-1.8896,,
EBOP_model,.28460,-1.8896,,
EBOP_model,.28480,-1.8896,,
EBOP_model,.28500,-1.8896,,
EBOP_model,.28520,-1.8896,,
EBOP_model,.28540,-1.8896,,
EBOP_model,.28560,-1.8896,,
EBOP_model,.28580,-1.8896,,
EBOP_model,.28600,-1.8896,,
EBOP_model,.28620,-1.8896,,
EBOP_model,.28640,-1.8896,,
EBOP_model,.28660,-1.8896,,
EBOP_model,.28680,-1.8896,,
EBOP_model,.28700,-1.8896,,
EBOP_model,.28720,-1.8896,,
EBOP_model,.28740,-1.8896,,
EBOP_model,.28760,-1.8896,,
EBOP_model,.28780,-1.8896,,
EBOP_model,.28800,-1.8896,,
EBOP_model,.28820,-1.8896,,
EBOP_model,.28840,-1.8897,,
EBOP_model,.28860,-1.8897,,
EBOP_model,.28880,-1.8897,,
EBOP_model,.28900,-1.8897,,
EBOP_model,.28920,-1.8897,,
EBOP_model,.28940,-1.8897,,
EBOP_model,.28960,-1.8897,,
EBOP_model,.28980,-1.8897,,
EBOP_model,.29000,-1.8897,,
EBOP_model,.29020,-1.8897,,
EBOP_model,.29040,-1.8897,,
EBOP_model,.29060,-1.8897,,
EBOP_model,.29080,-1.8897,,
EBOP_model,.29100,-1.8897,,
EBOP_model,.29120,-1.8897,,
EBOP_model,.29140,-1.8897,,
EBOP_model,.29160,-1.8897,,
EBOP_model,.29180,-1.8897,,
EBOP_model,.29200,-1.8897,,
EBOP_model,.29220,-1.8897,,
EBOP_model,.29240,-1.8897,,
EBOP_model,.29260,-1.8897,,
EBOP_model,.29280,-1.8897,,
EBOP_model,.29300,-1.8897,,
EBOP_model,.29320,-1.8897,,
EBOP_model,.29340,-1.8897,,
EBOP_model,.29360,-1.8897,,
EBOP_model,.29380,-1.8897,,
EBOP_model,.29400,-1.8897,,
EBOP_model,.29420,-1.8897,,
EBOP_model,.29440,-1.8897,,
EBOP_model,.29460,-1.8897,,
EBOP_model,.29480,-1.8897,,
EBOP_model,.29500,-1.8897,,
EBOP_model,.29520,-1.8897,,
EBOP_model,.29540,-1.8897,,
EBOP_model,.29560,-1.8897,,
EBOP_model,.29580,-1.8897,,
EBOP_model,.29600,-1.8897,,
EBOP_model,.29620,-1.8897,,
EBOP_model,.29640,-1.8897,,
EBOP_model,.29660,-1.8897,,
EBOP_model,.29680,-1.8897,,
EBOP_model,.29700,-1.8897,,
EBOP_model,.29720,-1.8897,,
EBOP_model,.29740,-1.8897,,
EBOP_model,.29760,-1.8897,,
EBOP_model,.29780,-1.8897,,
EBOP_model,.29800,-1.8897,,
EBOP_model,.29820,-1.8897,,
EBOP_model,.29840,-1.8897,,
EBOP_model,.29860,-1.8897,,
EBOP_model,.29880,-1.8897,,
EBOP_model,.29900,-1.8897,,
EBOP_model,.29920,-1.8897,,
EBOP_model,.29940,-1.8897,,
EBOP_model,.29960,-1.8897,,
EBOP_model,.29980,-1.8897,,
EBOP_model,.30000,-1.8897,,
EBOP_model,.30020,-1.8897,,
EBOP_model,.30040,-1.8897,,
EBOP_model,.30060,-1.8897,,
EBOP_model,.30080,-1.8897,,
EBOP_model,.30100,-1.8897,,
EBOP_model,.30120,-1.8897,,
EBOP_model,.30140,-1.8897,,
EBOP_model,.30160,-1.8897,,
EBOP_model,.30180,-1.8897,,
EBOP_model,.30200,-1.8897,,
EBOP_model,.30220,-1.8897,,
EBOP_model,.30240,-1.8897,,
EBOP_model,.30260,-1.8897,,
EBOP_model,.30280,-1.8897,,
EBOP_model,.30300,-1.8897,,
EBOP_model,.30320,-1.8897,,
EBOP_model,.30340,-1.8897,,
EBOP_model,.30360,-1.8897,,
EBOP_model,.30380,-1.8897,,
EBOP_model,.30400,-1.8897,,
EBOP_model,.30420,-1.8897,,
EBOP_model,.30440,-1.8897,,
EBOP_model,.30460,-1.8897,,
EBOP_model,.30480,-1.8897,,
EBOP_model,.30500,-1.8897,,
EBOP_model,.30520,-1.8897,,
EBOP_model,.30540,-1.8897,,
EBOP_model,.30560,-1.8897,,
EBOP_model,.30580,-1.8897,,
EBOP_model,.30600,-1.8897,,
EBOP_model,.30620,-1.8897,,
EBOP_model,.30640,-1.8897,,
EBOP_model,.30660,-1.8897,,
EBOP_model,.30680,-1.8897,,
EBOP_model,.30700,-1.8897,,
EBOP_model,.30720,-1.8897,,
EBOP_model,.30740,-1.8897,,
EBOP_model,.30760,-1.8897,,
EBOP_model,.30780,-1.8897,,
EBOP_model,.30800,-1.8897,,
EBOP_model,.30820,-1.8897,,
EBOP_model,.30840,-1.8897,,
EBOP_model,.30860,-1.8897,,
EBOP_model,.30880,-1.8897,,
EBOP_model,.30900,-1.8896,,
EBOP_model,.30920,-1.8896,,
EBOP_model,.30940,-1.8896,,
EBOP_model,.30960,-1.8896,,
EBOP_model,.30980,-1.8896,,
EBOP_model,.31000,-1.8896,,
EBOP_model,.31020,-1.8896,,
EBOP_model,.31040,-1.8896,,
EBOP_model,.31060,-1.8896,,
EBOP_model,.31080,-1.8896,,
EBOP_model,.31100,-1.8896,,
EBOP_model,.31120,-1.8896,,
EBOP_model,.31140,-1.8896,,
EBOP_model,.31160,-1.8896,,
EBOP_model,.31180,-1.8896,,
EBOP_model,.31200,-1.8896,,
EBOP_model,.31220,-1.8896,,
EBOP_model,.31240,-1.8896,,
EBOP_model,.31260,-1.8896,,
EBOP_model,.31280,-1.8896,,
EBOP_model,.31300,-1.8896,,
EBOP_model,.31320,-1.8896,,
EBOP_model,.31340,-1.8896,,
EBOP_model,.31360,-1.8896,,
EBOP_model,.31380,-1.8896,,
EBOP_model,.31400,-1.8896,,
EBOP_model,.31420,-1.8896,,
EBOP_model,.31440,-1.8896,,
EBOP_model,.31460,-1.8896,,
EBOP_model,.31480,-1.8896,,
EBOP_model,.31500,-1.8896,,
EBOP_model,.31520,-1.8896,,
EBOP_model,.31540,-1.8896,,
EBOP_model,.31560,-1.8896,,
EBOP_model,.31580,-1.8896,,
EBOP_model,.31600,-1.8896,,
EBOP_model,.31620,-1.8896,,
EBOP_model,.31640,-1.8896,,
EBOP_model,.31660,-1.8896,,
EBOP_model,.31680,-1.8896,,
EBOP_model,.31700,-1.8896,,
EBOP_model,.31720,-1.8896,,
EBOP_model,.31740,-1.8896,,
EBOP_model,.31760,-1.8896,,
EBOP_model,.31780,-1.8896,,
EBOP_model,.31800,-1.8896,,
EBOP_model,.31820,-1.8896,,
EBOP_model,.31840,-1.8896,,
EBOP_model,.31860,-1.8896,,
EBOP_model,.31880,-1.8896,,
EBOP_model,.31900,-1.8896,,
EBOP_model,.31920,-1.8896,,
EBOP_model,.31940,-1.8896,,
EBOP_model,.31960,-1.8896,,
EBOP_model,.31980,-1.8896,,
EBOP_model,.32000,-1.8896,,
EBOP_model,.32020,-1.8896,,
EBOP_model,.32040,-1.8896,,
EBOP_model,.32060,-1.8896,,
EBOP_model,.32080,-1.8896,,
EBOP_model,.32100,-1.8896,,
EBOP_model,.32120,-1.8896,,
EBOP_model,.32140,-1.8896,,
EBOP_model,.32160,-1.8896,,
EBOP_model,.32180,-1.8895,,
EBOP_model,.32200,-1.8895,,
EBOP_model,.32220,-1.8895,,
EBOP_model,.32240,-1.8895,,
EBOP_model,.32260,-1.8895,,
EBOP_model,.32280,-1.8895,,
EBOP_model,.32300,-1.8895,,
EBOP_model,.32320,-1.8895,,
EBOP_model,.32340,-1.8895,,
EBOP_model,.32360,-1.8895,,
EBOP_model,.32380,-1.8895,,
EBOP_model,.32400,-1.8895,,
EBOP_model,.32420,-1.8895,,
EBOP_model,.32440,-1.8895,,
EBOP_model,.32460,-1.8895,,
EBOP_model,.32480,-1.8895,,
EBOP_model,.32500,-1.8895,,
EBOP_model,.32520,-1.8895,,
EBOP_model,.32540,-1.8895,,
EBOP_model,.32560,-1.8895,,
EBOP_model,.32580,-1.8895,,
EBOP_model,.32600,-1.8895,,
EBOP_model,.32620,-1.8895,,
EBOP_model,.32640,-1.8895,,
EBOP_model,.32660,-1.8895,,
EBOP_model,.32680,-1.8895,,
EBOP_model,.32700,-1.8895,,
EBOP_model,.32720,-1.8895,,
EBOP_model,.32740,-1.8895,,
EBOP_model,.32760,-1.8895,,
EBOP_model,.32780,-1.8895,,
EBOP_model,.32800,-1.8895,,
EBOP_model,.32820,-1.8895,,
EBOP_model,.32840,-1.8895,,
EBOP_model,.32860,-1.8895,,
EBOP_model,.32880,-1.8895,,
EBOP_model,.32900,-1.8895,,
EBOP_model,.32920,-1.8895,,
EBOP_model,.32940,-1.8895,,
EBOP_model,.32960,-1.8895,,
EBOP_model,.32980,-1.8895,,
EBOP_model,.33000,-1.8894,,
EBOP_model,.33020,-1.8894,,
EBOP_model,.33040,-1.8894,,
EBOP_model,.33060,-1.8894,,
EBOP_model,.33080,-1.8894,,
EBOP_model,.33100,-1.8894,,
EBOP_model,.33120,-1.8894,,
EBOP_model,.33140,-1.8894,,
EBOP_model,.33160,-1.8894,,
EBOP_model,.33180,-1.8894,,
EBOP_model,.33200,-1.8894,,
EBOP_model,.33220,-1.8894,,
EBOP_model,.33240,-1.8894,,
EBOP_model,.33260,-1.8894,,
EBOP_model,.33280,-1.8894,,
EBOP_model,.33300,-1.8894,,
EBOP_model,.33320,-1.8894,,
EBOP_model,.33340,-1.8894,,
EBOP_model,.33360,-1.8894,,
EBOP_model,.33380,-1.8894,,
EBOP_model,.33400,-1.8894,,
EBOP_model,.33420,-1.8894,,
EBOP_model,.33440,-1.8894,,
EBOP_model,.33460,-1.8894,,
EBOP_model,.33480,-1.8894,,
EBOP_model,.33500,-1.8894,,
EBOP_model,.33520,-1.8894,,
EBOP_model,.33540,-1.8894,,
EBOP_model,.33560,-1.8894,,
EBOP_model,.33580,-1.8894,,
EBOP_model,.33600,-1.8894,,
EBOP_model,.33620,-1.8894,,
EBOP_model,.33640,-1.8894,,
EBOP_model,.33660,-1.8894,,
EBOP_model,.33680,-1.8893,,
EBOP_model,.33700,-1.8893,,
EBOP_model,.33720,-1.8893,,
EBOP_model,.33740,-1.8893,,
EBOP_model,.33760,-1.8893,,
EBOP_model,.33780,-1.8893,,
EBOP_model,.33800,-1.8893,,
EBOP_model,.33820,-1.8893,,
EBOP_model,.33840,-1.8893,,
EBOP_model,.33860,-1.8893,,
EBOP_model,.33880,-1.8893,,
EBOP_model,.33900,-1.8893,,
EBOP_model,.33920,-1.8893,,
EBOP_model,.33940,-1.8893,,
EBOP_model,.33960,-1.8893,,
EBOP_model,.33980,-1.8893,,
EBOP_model,.34000,-1.8893,,
EBOP_model,.34020,-1.8893,,
EBOP_model,.34040,-1.8893,,
EBOP_model,.34060,-1.8893,,
EBOP_model,.34080,-1.8893,,
EBOP_model,.34100,-1.8893,,
EBOP_model,.34120,-1.8893,,
EBOP_model,.34140,-1.8893,,
EBOP_model,.34160,-1.8893,,
EBOP_model,.34180,-1.8893,,
EBOP_model,.34200,-1.8893,,
EBOP_model,.34220,-1.8893,,
EBOP_model,.34240,-1.8893,,
EBOP_model,.34260,-1.8892,,
EBOP_model,.34280,-1.8892,,
EBOP_model,.34300,-1.8892,,
EBOP_model,.34320,-1.8892,,
EBOP_model,.34340,-1.8892,,
EBOP_model,.34360,-1.8892,,
EBOP_model,.34380,-1.8892,,
EBOP_model,.34400,-1.8892,,
EBOP_model,.34420,-1.8892,,
EBOP_model,.34440,-1.8892,,
EBOP_model,.34460,-1.8892,,
EBOP_model,.34480,-1.8892,,
EBOP_model,.34500,-1.8892,,
EBOP_model,.34520,-1.8892,,
EBOP_model,.34540,-1.8892,,
EBOP_model,.34560,-1.8892,,
EBOP_model,.34580,-1.8892,,
EBOP_model,.34600,-1.8892,,
EBOP_model,.34620,-1.8892,,
EBOP_model,.34640,-1.8892,,
EBOP_model,.34660,-1.8892,,
EBOP_model,.34680,-1.8892,,
EBOP_model,.34700,-1.8892,,
EBOP_model,.34720,-1.8892,,
EBOP_model,.34740,-1.8892,,
EBOP_model,.34760,-1.8892,,
EBOP_model,.34780,-1.8892,,
EBOP_model,.34800,-1.8891,,
EBOP_model,.34820,-1.8891,,
EBOP_model,.34840,-1.8891,,
EBOP_model,.34860,-1.8891,,
EBOP_model,.34880,-1.8891,,
EBOP_model,.34900,-1.8891,,
EBOP_model,.34920,-1.8891,,
EBOP_model,.34940,-1.8891,,
EBOP_model,.34960,-1.8891,,
EBOP_model,.34980,-1.8891,,
EBOP_model,.35000,-1.8891,,
EBOP_model,.35020,-1.8891,,
EBOP_model,.35040,-1.8891,,
EBOP_model,.35060,-1.8891,,
EBOP_model,.35080,-1.8891,,
EBOP_model,.35100,-1.8891,,
EBOP_model,.35120,-1.8891,,
EBOP_model,.35140,-1.8891,,
EBOP_model,.35160,-1.8891,,
EBOP_model,.35180,-1.8891,,
EBOP_model,.35200,-1.8891,,
EBOP_model,.35220,-1.8891,,
EBOP_model,.35240,-1.8891,,
EBOP_model,.35260,-1.8891,,
EBOP_model,.35280,-1.8891,,
EBOP_model,.35300,-1.8890,,
EBOP_model,.35320,-1.8890,,
EBOP_model,.35340,-1.8890,,
EBOP_model,.35360,-1.8890,,
EBOP_model,.35380,-1.8890,,
EBOP_model,.35400,-1.8890,,
EBOP_model,.35420,-1.8890,,
EBOP_model,.35440,-1.8890,,
EBOP_model,.35460,-1.8890,,
EBOP_model,.35480,-1.8890,,
EBOP_model,.35500,-1.8890,,
EBOP_model,.35520,-1.8890,,
EBOP_model,.35540,-1.8890,,
EBOP_model,.35560,-1.8890,,
EBOP_model,.35580,-1.8890,,
EBOP_model,.35600,-1.8890,,
EBOP_model,.35620,-1.8890,,
EBOP_model,.35640,-1.8890,,
EBOP_model,.35660,-1.8890,,
EBOP_model,.35680,-1.8890,,
EBOP_model,.35700,-1.8890,,
EBOP_model,.35720,-1.8890,,
EBOP_model,.35740,-1.8890,,
EBOP_model,.35760,-1.8889,,
EBOP_model,.35780,-1.8889,,
EBOP_model,.35800,-1.8889,,
EBOP_model,.35820,-1.8889,,
EBOP_model,.35840,-1.8889,,
EBOP_model,.35860,-1.8889,,
EBOP_model,.35880,-1.8889,,
EBOP_model,.35900,-1.8889,,
EBOP_model,.35920,-1.8889,,
EBOP_model,.35940,-1.8889,,
EBOP_model,.35960,-1.8889,,
EBOP_model,.35980,-1.8889,,
EBOP_model,.36000,-1.8889,,
EBOP_model,.36020,-1.8889,,
EBOP_model,.36040,-1.8889,,
EBOP_model,.36060,-1.8889,,
EBOP_model,.36080,-1.8889,,
EBOP_model,.36100,-1.8889,,
EBOP_model,.36120,-1.8889,,
EBOP_model,.36140,-1.8889,,
EBOP_model,.36160,-1.8889,,
EBOP_model,.36180,-1.8889,,
EBOP_model,.36200,-1.8889,,
EBOP_model,.36220,-1.8888,,
EBOP_model,.36240,-1.8888,,
EBOP_model,.36260,-1.8888,,
EBOP_model,.36280,-1.8888,,
EBOP_model,.36300,-1.8888,,
EBOP_model,.36320,-1.8888,,
EBOP_model,.36340,-1.8888,,
EBOP_model,.36360,-1.8888,,
EBOP_model,.36380,-1.8888,,
EBOP_model,.36400,-1.8888,,
EBOP_model,.36420,-1.8888,,
EBOP_model,.36440,-1.8888,,
EBOP_model,.36460,-1.8888,,
EBOP_model,.36480,-1.8888,,
EBOP_model,.36500,-1.8888,,
EBOP_model,.36520,-1.8888,,
EBOP_model,.36540,-1.8888,,
EBOP_model,.36560,-1.8888,,
EBOP_model,.36580,-1.8888,,
EBOP_model,.36600,-1.8888,,
EBOP_model,.36620,-1.8888,,
EBOP_model,.36640,-1.8887,,
EBOP_model,.36660,-1.8887,,
EBOP_model,.36680,-1.8887,,
EBOP_model,.36700,-1.8887,,
EBOP_model,.36720,-1.8887,,
EBOP_model,.36740,-1.8887,,
EBOP_model,.36760,-1.8887,,
EBOP_model,.36780,-1.8887,,
EBOP_model,.36800,-1.8887,,
EBOP_model,.36820,-1.8887,,
EBOP_model,.36840,-1.8887,,
EBOP_model,.36860,-1.8887,,
EBOP_model,.36880,-1.8887,,
EBOP_model,.36900,-1.8887,,
EBOP_model,.36920,-1.8887,,
EBOP_model,.36940,-1.8887,,
EBOP_model,.36960,-1.8887,,
EBOP_model,.36980,-1.8887,,
EBOP_model,.37000,-1.8887,,
EBOP_model,.37020,-1.8887,,
EBOP_model,.37040,-1.8887,,
EBOP_model,.37060,-1.8886,,
EBOP_model,.37080,-1.8886,,
EBOP_model,.37100,-1.8886,,
EBOP_model,.37120,-1.8886,,
EBOP_model,.37140,-1.8886,,
EBOP_model,.37160,-1.8886,,
EBOP_model,.37180,-1.8886,,
EBOP_model,.37200,-1.8886,,
EBOP_model,.37220,-1.8886,,
EBOP_model,.37240,-1.8886,,
EBOP_model,.37260,-1.8886,,
EBOP_model,.37280,-1.8886,,
EBOP_model,.37300,-1.8886,,
EBOP_model,.37320,-1.8886,,
EBOP_model,.37340,-1.8886,,
EBOP_model,.37360,-1.8886,,
EBOP_model,.37380,-1.8886,,
EBOP_model,.37400,-1.8886,,
EBOP_model,.37420,-1.8886,,
EBOP_model,.37440,-1.8886,,
EBOP_model,.37460,-1.8886,,
EBOP_model,.37480,-1.8885,,
EBOP_model,.37500,-1.8885,,
EBOP_model,.37520,-1.8885,,
EBOP_model,.37540,-1.8885,,
EBOP_model,.37560,-1.8885,,
EBOP_model,.37580,-1.8885,,
EBOP_model,.37600,-1.8885,,
EBOP_model,.37620,-1.8885,,
EBOP_model,.37640,-1.8885,,
EBOP_model,.37660,-1.8885,,
EBOP_model,.37680,-1.8885,,
EBOP_model,.37700,-1.8885,,
EBOP_model,.37720,-1.8885,,
EBOP_model,.37740,-1.8885,,
EBOP_model,.37760,-1.8885,,
EBOP_model,.37780,-1.8885,,
EBOP_model,.37800,-1.8885,,
EBOP_model,.37820,-1.8885,,
EBOP_model,.37840,-1.8885,,
EBOP_model,.37860,-1.8885,,
EBOP_model,.37880,-1.8884,,
EBOP_model,.37900,-1.8884,,
EBOP_model,.37920,-1.8884,,
EBOP_model,.37940,-1.8884,,
EBOP_model,.37960,-1.8884,,
EBOP_model,.37980,-1.8884,,
EBOP_model,.38000,-1.8884,,
EBOP_model,.38020,-1.8884,,
EBOP_model,.38040,-1.8884,,
EBOP_model,.38060,-1.8884,,
EBOP_model,.38080,-1.8884,,
EBOP_model,.38100,-1.8884,,
EBOP_model,.38120,-1.8884,,
EBOP_model,.38140,-1.8884,,
EBOP_model,.38160,-1.8884,,
EBOP_model,.38180,-1.8884,,
EBOP_model,.38200,-1.8884,,
EBOP_model,.38220,-1.8884,,
EBOP_model,.38240,-1.8884,,
EBOP_model,.38260,-1.8884,,
EBOP_model,.38280,-1.8883,,
EBOP_model,.38300,-1.8883,,
EBOP_model,.38320,-1.8883,,
EBOP_model,.38340,-1.8883,,
EBOP_model,.38360,-1.8883,,
EBOP_model,.38380,-1.8883,,
EBOP_model,.38400,-1.8883,,
EBOP_model,.38420,-1.8883,,
EBOP_model,.38440,-1.8883,,
EBOP_model,.38460,-1.8883,,
EBOP_model,.38480,-1.8883,,
EBOP_model,.38500,-1.8883,,
EBOP_model,.38520,-1.8883,,
EBOP_model,.38540,-1.8883,,
EBOP_model,.38560,-1.8883,,
EBOP_model,.38580,-1.8883,,
EBOP_model,.38600,-1.8883,,
EBOP_model,.38620,-1.8883,,
EBOP_model,.38640,-1.8883,,
EBOP_model,.38660,-1.8882,,
EBOP_model,.38680,-1.8882,,
EBOP_model,.38700,-1.8882,,
EBOP_model,.38720,-1.8882,,
EBOP_model,.38740,-1.8882,,
EBOP_model,.38760,-1.8882,,
EBOP_model,.38780,-1.8882,,
EBOP_model,.38800,-1.8882,,
EBOP_model,.38820,-1.8882,,
EBOP_model,.38840,-1.8882,,
EBOP_model,.38860,-1.8882,,
EBOP_model,.38880,-1.8882,,
EBOP_model,.38900,-1.8882,,
EBOP_model,.38920,-1.8882,,
EBOP_model,.38940,-1.8882,,
EBOP_model,.38960,-1.8882,,
EBOP_model,.38980,-1.8882,,
EBOP_model,.39000,-1.8882,,
EBOP_model,.39020,-1.8882,,
EBOP_model,.39040,-1.8882,,
EBOP_model,.39060,-1.8881,,
EBOP_model,.39080,-1.8881,,
EBOP_model,.39100,-1.8881,,
EBOP_model,.39120,-1.8881,,
EBOP_model,.39140,-1.8881,,
EBOP_model,.39160,-1.8881,,
EBOP_model,.39180,-1.8881,,
EBOP_model,.39200,-1.8881,,
EBOP_model,.39220,-1.8881,,
EBOP_model,.39240,-1.8881,,
EBOP_model,.39260,-1.8881,,
EBOP_model,.39280,-1.8881,,
EBOP_model,.39300,-1.8881,,
EBOP_model,.39320,-1.8881,,
EBOP_model,.39340,-1.8881,,
EBOP_model,.39360,-1.8881,,
EBOP_model,.39380,-1.8881,,
EBOP_model,.39400,-1.8881,,
EBOP_model,.39420,-1.8881,,
EBOP_model,.39440,-1.8880,,
EBOP_model,.39460,-1.8880,,
EBOP_model,.39480,-1.8880,,
EBOP_model,.39500,-1.8880,,
EBOP_model,.39520,-1.8880,,
EBOP_model,.39540,-1.8880,,
EBOP_model,.39560,-1.8880,,
EBOP_model,.39580,-1.8880,,
EBOP_model,.39600,-1.8880,,
EBOP_model,.39620,-1.8880,,
EBOP_model,.39640,-1.8880,,
EBOP_model,.39660,-1.8880,,
EBOP_model,.39680,-1.8880,,
EBOP_model,.39700,-1.8880,,
EBOP_model,.39720,-1.8880,,
EBOP_model,.39740,-1.8880,,
EBOP_model,.39760,-1.8880,,
EBOP_model,.39780,-1.8880,,
EBOP_model,.39800,-1.8880,,
EBOP_model,.39820,-1.8880,,
EBOP_model,.39840,-1.8879,,
EBOP_model,.39860,-1.8879,,
EBOP_model,.39880,-1.8879,,
EBOP_model,.39900,-1.8879,,
EBOP_model,.39920,-1.8879,,
EBOP_model,.39940,-1.8879,,
EBOP_model,.39960,-1.8879,,
EBOP_model,.39980,-1.8879,,
EBOP_model,.40000,-1.8879,,
EBOP_model,.40020,-1.8879,,
EBOP_model,.40040,-1.8879,,
EBOP_model,.40060,-1.8879,,
EBOP_model,.40080,-1.8879,,
EBOP_model,.40100,-1.8879,,
EBOP_model,.40120,-1.8879,,
EBOP_model,.40140,-1.8879,,
EBOP_model,.40160,-1.8879,,
EBOP_model,.40180,-1.8879,,
EBOP_model,.40200,-1.8879,,
EBOP_model,.40220,-1.8879,,
EBOP_model,.40240,-1.8878,,
EBOP_model,.40260,-1.8878,,
EBOP_model,.40280,-1.8878,,
EBOP_model,.40300,-1.8878,,
EBOP_model,.40320,-1.8878,,
EBOP_model,.40340,-1.8878,,
EBOP_model,.40360,-1.8878,,
EBOP_model,.40380,-1.8878,,
EBOP_model,.40400,-1.8878,,
EBOP_model,.40420,-1.8878,,
EBOP_model,.40440,-1.8878,,
EBOP_model,.40460,-1.8878,,
EBOP_model,.40480,-1.8878,,
EBOP_model,.40500,-1.8878,,
EBOP_model,.40520,-1.8878,,
EBOP_model,.40540,-1.8878,,
EBOP_model,.40560,-1.8878,,
EBOP_model,.40580,-1.8878,,
EBOP_model,.40600,-1.8878,,
EBOP_model,.40620,-1.8877,,
EBOP_model,.40640,-1.8877,,
EBOP_model,.40660,-1.8877,,
EBOP_model,.40680,-1.8877,,
EBOP_model,.40700,-1.8877,,
EBOP_model,.40720,-1.8877,,
EBOP_model,.40740,-1.8877,,
EBOP_model,.40760,-1.8877,,
EBOP_model,.40780,-1.8877,,
EBOP_model,.40800,-1.8877,,
EBOP_model,.40820,-1.8877,,
EBOP_model,.40840,-1.8877,,
EBOP_model,.40860,-1.8877,,
EBOP_model,.40880,-1.8877,,
EBOP_model,.40900,-1.8877,,
EBOP_model,.40920,-1.8877,,
EBOP_model,.40940,-1.8877,,
EBOP_model,.40960,-1.8877,,
EBOP_model,.40980,-1.8877,,
EBOP_model,.41000,-1.8877,,
EBOP_model,.41020,-1.8876,,
EBOP_model,.41040,-1.8876,,
EBOP_model,.41060,-1.8876,,
EBOP_model,.41080,-1.8876,,
EBOP_model,.41100,-1.8876,,
EBOP_model,.41120,-1.8876,,
EBOP_model,.41140,-1.8876,,
EBOP_model,.41160,-1.8876,,
EBOP_model,.41180,-1.8876,,
EBOP_model,.41200,-1.8876,,
EBOP_model,.41220,-1.8876,,
EBOP_model,.41240,-1.8876,,
EBOP_model,.41260,-1.8876,,
EBOP_model,.41280,-1.8876,,
EBOP_model,.41300,-1.8876,,
EBOP_model,.41320,-1.8876,,
EBOP_model,.41340,-1.8876,,
EBOP_model,.41360,-1.8876,,
EBOP_model,.41380,-1.8876,,
EBOP_model,.41400,-1.8876,,
EBOP_model,.41420,-1.8876,,
EBOP_model,.41440,-1.8875,,
EBOP_model,.41460,-1.8875,,
EBOP_model,.41480,-1.8875,,
EBOP_model,.41500,-1.8875,,
EBOP_model,.41520,-1.8875,,
EBOP_model,.41540,-1.8875,,
EBOP_model,.41560,-1.8875,,
EBOP_model,.41580,-1.8875,,
EBOP_model,.41600,-1.8875,,
EBOP_model,.41620,-1.8875,,
EBOP_model,.41640,-1.8875,,
EBOP_model,.41660,-1.8875,,
EBOP_model,.41680,-1.8875,,
EBOP_model,.41700,-1.8875,,
EBOP_model,.41720,-1.8875,,
EBOP_model,.41740,-1.8875,,
EBOP_model,.41760,-1.8875,,
EBOP_model,.41780,-1.8875,,
EBOP_model,.41800,-1.8875,,
EBOP_model,.41820,-1.8875,,
EBOP_model,.41840,-1.8874,,
EBOP_model,.41860,-1.8874,,
EBOP_model,.41880,-1.8874,,
EBOP_model,.41900,-1.8874,,
EBOP_model,.41920,-1.8874,,
EBOP_model,.41940,-1.8874,,
EBOP_model,.41960,-1.8874,,
EBOP_model,.41980,-1.8874,,
EBOP_model,.42000,-1.8874,,
EBOP_model,.42020,-1.8874,,
EBOP_model,.42040,-1.8874,,
EBOP_model,.42060,-1.8874,,
EBOP_model,.42080,-1.8874,,
EBOP_model,.42100,-1.8874,,
EBOP_model,.42120,-1.8874,,
EBOP_model,.42140,-1.8874,,
EBOP_model,.42160,-1.8874,,
EBOP_model,.42180,-1.8874,,
EBOP_model,.42200,-1.8874,,
EBOP_model,.42220,-1.8874,,
EBOP_model,.42240,-1.8874,,
EBOP_model,.42260,-1.8874,,
EBOP_model,.42280,-1.8873,,
EBOP_model,.42300,-1.8873,,
EBOP_model,.42320,-1.8873,,
EBOP_model,.42340,-1.8873,,
EBOP_model,.42360,-1.8873,,
EBOP_model,.42380,-1.8873,,
EBOP_model,.42400,-1.8873,,
EBOP_model,.42420,-1.8873,,
EBOP_model,.42440,-1.8873,,
EBOP_model,.42460,-1.8873,,
EBOP_model,.42480,-1.8873,,
EBOP_model,.42500,-1.8873,,
EBOP_model,.42520,-1.8873,,
EBOP_model,.42540,-1.8873,,
EBOP_model,.42560,-1.8873,,
EBOP_model,.42580,-1.8873,,
EBOP_model,.42600,-1.8873,,
EBOP_model,.42620,-1.8873,,
EBOP_model,.42640,-1.8873,,
EBOP_model,.42660,-1.8873,,
EBOP_model,.42680,-1.8873,,
EBOP_model,.42700,-1.8872,,
EBOP_model,.42720,-1.8872,,
EBOP_model,.42740,-1.8872,,
EBOP_model,.42760,-1.8872,,
EBOP_model,.42780,-1.8872,,
EBOP_model,.42800,-1.8872,,
EBOP_model,.42820,-1.8872,,
EBOP_model,.42840,-1.8872,,
EBOP_model,.42860,-1.8872,,
EBOP_model,.42880,-1.8872,,
EBOP_model,.42900,-1.8872,,
EBOP_model,.42920,-1.8872,,
EBOP_model,.42940,-1.8872,,
EBOP_model,.42960,-1.8872,,
EBOP_model,.42980,-1.8872,,
EBOP_model,.43000,-1.8872,,
EBOP_model,.43020,-1.8872,,
EBOP_model,.43040,-1.8872,,
EBOP_model,.43060,-1.8872,,
EBOP_model,.43080,-1.8872,,
EBOP_model,.43100,-1.8872,,
EBOP_model,.43120,-1.8872,,
EBOP_model,.43140,-1.8872,,
EBOP_model,.43160,-1.8871,,
EBOP_model,.43180,-1.8871,,
EBOP_model,.43200,-1.8871,,
EBOP_model,.43220,-1.8871,,
EBOP_model,.43240,-1.8871,,
EBOP_model,.43260,-1.8871,,
EBOP_model,.43280,-1.8871,,
EBOP_model,.43300,-1.8871,,
EBOP_model,.43320,-1.8871,,
EBOP_model,.43340,-1.8871,,
EBOP_model,.43360,-1.8871,,
EBOP_model,.43380,-1.8871,,
EBOP_model,.43400,-1.8871,,
EBOP_model,.43420,-1.8871,,
EBOP_model,.43440,-1.8871,,
EBOP_model,.43460,-1.8871,,
EBOP_model,.43480,-1.8871,,
EBOP_model,.43500,-1.8871,,
EBOP_model,.43520,-1.8871,,
EBOP_model,.43540,-1.8871,,
EBOP_model,.43560,-1.8871,,
EBOP_model,.43580,-1.8871,,
EBOP_model,.43600,-1.8871,,
EBOP_model,.43620,-1.8871,,
EBOP_model,.43640,-1.8870,,
EBOP_model,.43660,-1.8870,,
EBOP_model,.43680,-1.8870,,
EBOP_model,.43700,-1.8870,,
EBOP_model,.43720,-1.8870,,
EBOP_model,.43740,-1.8870,,
EBOP_model,.43760,-1.8870,,
EBOP_model,.43780,-1.8870,,
EBOP_model,.43800,-1.8870,,
EBOP_model,.43820,-1.8870,,
EBOP_model,.43840,-1.8870,,
EBOP_model,.43860,-1.8870,,
EBOP_model,.43880,-1.8870,,
EBOP_model,.43900,-1.8870,,
EBOP_model,.43920,-1.8870,,
EBOP_model,.43940,-1.8870,,
EBOP_model,.43960,-1.8870,,
EBOP_model,.43980,-1.8870,,
EBOP_model,.44000,-1.8870,,
EBOP_model,.44020,-1.8870,,
EBOP_model,.44040,-1.8870,,
EBOP_model,.44060,-1.8870,,
EBOP_model,.44080,-1.8870,,
EBOP_model,.44100,-1.8870,,
EBOP_model,.44120,-1.8870,,
EBOP_model,.44140,-1.8869,,
EBOP_model,.44160,-1.8869,,
EBOP_model,.44180,-1.8869,,
EBOP_model,.44200,-1.8869,,
EBOP_model,.44220,-1.8869,,
EBOP_model,.44240,-1.8869,,
EBOP_model,.44260,-1.8869,,
EBOP_model,.44280,-1.8869,,
EBOP_model,.44300,-1.8869,,
EBOP_model,.44320,-1.8869,,
EBOP_model,.44340,-1.8869,,
EBOP_model,.44360,-1.8869,,
EBOP_model,.44380,-1.8869,,
EBOP_model,.44400,-1.8869,,
EBOP_model,.44420,-1.8869,,
EBOP_model,.44440,-1.8869,,
EBOP_model,.44460,-1.8869,,
EBOP_model,.44480,-1.8869,,
EBOP_model,.44500,-1.8869,,
EBOP_model,.44520,-1.8869,,
EBOP_model,.44540,-1.8869,,
EBOP_model,.44560,-1.8869,,
EBOP_model,.44580,-1.8869,,
EBOP_model,.44600,-1.8869,,
EBOP_model,.44620,-1.8869,,
EBOP_model,.44640,-1.8869,,
EBOP_model,.44660,-1.8869,,
EBOP_model,.44680,-1.8868,,
EBOP_model,.44700,-1.8868,,
EBOP_model,.44720,-1.8868,,
EBOP_model,.44740,-1.8868,,
EBOP_model,.44760,-1.8868,,
EBOP_model,.44780,-1.8868,,
EBOP_model,.44800,-1.8868,,
EBOP_model,.44820,-1.8868,,
EBOP_model,.44840,-1.8868,,
EBOP_model,.44860,-1.8868,,
EBOP_model,.44880,-1.8867,,
EBOP_model,.44900,-1.8866,,
EBOP_model,.44920,-1.8865,,
EBOP_model,.44940,-1.8863,,
EBOP_model,.44960,-1.8861,,
EBOP_model,.44980,-1.8859,,
EBOP_model,.45000,-1.8857,,
EBOP_model,.45020,-1.8855,,
EBOP_model,.45040,-1.8852,,
EBOP_model,.45060,-1.8850,,
EBOP_model,.45080,-1.8847,,
EBOP_model,.45100,-1.8843,,
EBOP_model,.45120,-1.8840,,
EBOP_model,.45140,-1.8837,,
EBOP_model,.45160,-1.8833,,
EBOP_model,.45180,-1.8829,,
EBOP_model,.45200,-1.8825,,
EBOP_model,.45220,-1.8821,,
EBOP_model,.45240,-1.8817,,
EBOP_model,.45260,-1.8812,,
EBOP_model,.45280,-1.8808,,
EBOP_model,.45300,-1.8803,,
EBOP_model,.45320,-1.8798,,
EBOP_model,.45340,-1.8793,,
EBOP_model,.45360,-1.8788,,
EBOP_model,.45380,-1.8782,,
EBOP_model,.45400,-1.8777,,
EBOP_model,.45420,-1.8771,,
EBOP_model,.45440,-1.8765,,
EBOP_model,.45460,-1.8759,,
EBOP_model,.45480,-1.8753,,
EBOP_model,.45500,-1.8747,,
EBOP_model,.45520,-1.8740,,
EBOP_model,.45540,-1.8734,,
EBOP_model,.45560,-1.8727,,
EBOP_model,.45580,-1.8720,,
EBOP_model,.45600,-1.8713,,
EBOP_model,.45620,-1.8706,,
EBOP_model,.45640,-1.8699,,
EBOP_model,.45660,-1.8692,,
EBOP_model,.45680,-1.8684,,
EBOP_model,.45700,-1.8676,,
EBOP_model,.45720,-1.8669,,
EBOP_model,.45740,-1.8661,,
EBOP_model,.45760,-1.8653,,
EBOP_model,.45780,-1.8645,,
EBOP_model,.45800,-1.8636,,
EBOP_model,.45820,-1.8628,,
EBOP_model,.45840,-1.8619,,
EBOP_model,.45860,-1.8611,,
EBOP_model,.45880,-1.8602,,
EBOP_model,.45900,-1.8593,,
EBOP_model,.45920,-1.8584,,
EBOP_model,.45940,-1.8575,,
EBOP_model,.45960,-1.8566,,
EBOP_model,.45980,-1.8556,,
EBOP_model,.46000,-1.8547,,
EBOP_model,.46020,-1.8537,,
EBOP_model,.46040,-1.8527,,
EBOP_model,.46060,-1.8518,,
EBOP_model,.46080,-1.8508,,
EBOP_model,.46100,-1.8497,,
EBOP_model,.46120,-1.8487,,
EBOP_model,.46140,-1.8477,,
EBOP_model,.46160,-1.8467,,
EBOP_model,.46180,-1.8456,,
EBOP_model,.46200,-1.8445,,
EBOP_model,.46220,-1.8435,,
EBOP_model,.46240,-1.8424,,
EBOP_model,.46260,-1.8413,,
EBOP_model,.46280,-1.8402,,
EBOP_model,.46300,-1.8391,,
EBOP_model,.46320,-1.8379,,
EBOP_model,.46340,-1.8368,,
EBOP_model,.46360,-1.8356,,
EBOP_model,.46380,-1.8345,,
EBOP_model,.46400,-1.8333,,
EBOP_model,.46420,-1.8321,,
EBOP_model,.46440,-1.8309,,
EBOP_model,.46460,-1.8297,,
EBOP_model,.46480,-1.8285,,
EBOP_model,.46500,-1.8273,,
EBOP_model,.46520,-1.8261,,
EBOP_model,.46540,-1.8249,,
EBOP_model,.46560,-1.8236,,
EBOP_model,.46580,-1.8224,,
EBOP_model,.46600,-1.8211,,
EBOP_model,.46620,-1.8198,,
EBOP_model,.46640,-1.8185,,
EBOP_model,.46660,-1.8172,,
EBOP_model,.46680,-1.8159,,
EBOP_model,.46700,-1.8146,,
EBOP_model,.46720,-1.8133,,
EBOP_model,.46740,-1.8120,,
EBOP_model,.46760,-1.8107,,
EBOP_model,.46780,-1.8093,,
EBOP_model,.46800,-1.8080,,
EBOP_model,.46820,-1.8066,,
EBOP_model,.46840,-1.8052,,
EBOP_model,.46860,-1.8039,,
EBOP_model,.46880,-1.8025,,
EBOP_model,.46900,-1.8011,,
EBOP_model,.46920,-1.7997,,
EBOP_model,.46940,-1.7983,,
EBOP_model,.46960,-1.7969,,
EBOP_model,.46980,-1.7955,,
EBOP_model,.47000,-1.7940,,
EBOP_model,.47020,-1.7926,,
EBOP_model,.47040,-1.7912,,
EBOP_model,.47060,-1.7897,,
EBOP_model,.47080,-1.7883,,
EBOP_model,.47100,-1.7868,,
EBOP_model,.47120,-1.7853,,
EBOP_model,.47140,-1.7839,,
EBOP_model,.47160,-1.7824,,
EBOP_model,.47180,-1.7809,,
EBOP_model,.47200,-1.7794,,
EBOP_model,.47220,-1.7779,,
EBOP_model,.47240,-1.7764,,
EBOP_model,.47260,-1.7749,,
EBOP_model,.47280,-1.7734,,
EBOP_model,.47300,-1.7719,,
EBOP_model,.47320,-1.7704,,
EBOP_model,.47340,-1.7688,,
EBOP_model,.47360,-1.7673,,
EBOP_model,.47380,-1.7658,,
EBOP_model,.47400,-1.7642,,
EBOP_model,.47420,-1.7627,,
EBOP_model,.47440,-1.7612,,
EBOP_model,.47460,-1.7596,,
EBOP_model,.47480,-1.7581,,
EBOP_model,.47500,-1.7565,,
EBOP_model,.47520,-1.7549,,
EBOP_model,.47540,-1.7534,,
EBOP_model,.47560,-1.7518,,
EBOP_model,.47580,-1.7502,,
EBOP_model,.47600,-1.7487,,
EBOP_model,.47620,-1.7471,,
EBOP_model,.47640,-1.7455,,
EBOP_model,.47660,-1.7439,,
EBOP_model,.47680,-1.7424,,
EBOP_model,.47700,-1.7408,,
EBOP_model,.47720,-1.7392,,
EBOP_model,.47740,-1.7376,,
EBOP_model,.47760,-1.7360,,
EBOP_model,.47780,-1.7344,,
EBOP_model,.47800,-1.7329,,
EBOP_model,.47820,-1.7313,,
EBOP_model,.47840,-1.7297,,
EBOP_model,.47860,-1.7281,,
EBOP_model,.47880,-1.7265,,
EBOP_model,.47900,-1.7249,,
EBOP_model,.47920,-1.7234,,
EBOP_model,.47940,-1.7218,,
EBOP_model,.47960,-1.7202,,
EBOP_model,.47980,-1.7186,,
EBOP_model,.48000,-1.7170,,
EBOP_model,.48020,-1.7155,,
EBOP_model,.48040,-1.7139,,
EBOP_model,.48060,-1.7123,,
EBOP_model,.48080,-1.7107,,
EBOP_model,.48100,-1.7092,,
EBOP_model,.48120,-1.7076,,
EBOP_model,.48140,-1.7061,,
EBOP_model,.48160,-1.7045,,
EBOP_model,.48180,-1.7030,,
EBOP_model,.48200,-1.7014,,
EBOP_model,.48220,-1.6999,,
EBOP_model,.48240,-1.6983,,
EBOP_model,.48260,-1.6968,,
EBOP_model,.48280,-1.6953,,
EBOP_model,.48300,-1.6938,,
EBOP_model,.48320,-1.6923,,
EBOP_model,.48340,-1.6908,,
EBOP_model,.48360,-1.6893,,
EBOP_model,.48380,-1.6878,,
EBOP_model,.48400,-1.6863,,
EBOP_model,.48420,-1.6848,,
EBOP_model,.48440,-1.6834,,
EBOP_model,.48460,-1.6819,,
EBOP_model,.48480,-1.6805,,
EBOP_model,.48500,-1.6790,,
EBOP_model,.48520,-1.6776,,
EBOP_model,.48540,-1.6762,,
EBOP_model,.48560,-1.6748,,
EBOP_model,.48580,-1.6734,,
EBOP_model,.48600,-1.6720,,
EBOP_model,.48620,-1.6706,,
EBOP_model,.48640,-1.6692,,
EBOP_model,.48660,-1.6679,,
EBOP_model,.48680,-1.6666,,
EBOP_model,.48700,-1.6652,,
EBOP_model,.48720,-1.6639,,
EBOP_model,.48740,-1.6626,,
EBOP_model,.48760,-1.6613,,
EBOP_model,.48780,-1.6601,,
EBOP_model,.48800,-1.6588,,
EBOP_model,.48820,-1.6576,,
EBOP_model,.48840,-1.6563,,
EBOP_model,.48860,-1.6551,,
EBOP_model,.48880,-1.6539,,
EBOP_model,.48900,-1.6528,,
EBOP_model,.48920,-1.6516,,
EBOP_model,.48940,-1.6505,,
EBOP_model,.48960,-1.6494,,
EBOP_model,.48980,-1.6483,,
EBOP_model,.49000,-1.6472,,
EBOP_model,.49020,-1.6461,,
EBOP_model,.49040,-1.6451,,
EBOP_model,.49060,-1.6440,,
EBOP_model,.49080,-1.6430,,
EBOP_model,.49100,-1.6420,,
EBOP_model,.49120,-1.6411,,
EBOP_model,.49140,-1.6401,,
EBOP_model,.49160,-1.6392,,
EBOP_model,.49180,-1.6383,,
EBOP_model,.49200,-1.6374,,
EBOP_model,.49220,-1.6366,,
EBOP_model,.49240,-1.6358,,
EBOP_model,.49260,-1.6350,,
EBOP_model,.49280,-1.6342,,
EBOP_model,.49300,-1.6334,,
EBOP_model,.49320,-1.6327,,
EBOP_model,.49340,-1.6320,,
EBOP_model,.49360,-1.6313,,
EBOP_model,.49380,-1.6306,,
EBOP_model,.49400,-1.6300,,
EBOP_model,.49420,-1.6294,,
EBOP_model,.49440,-1.6288,,
EBOP_model,.49460,-1.6282,,
EBOP_model,.49480,-1.6277,,
EBOP_model,.49500,-1.6272,,
EBOP_model,.49520,-1.6267,,
EBOP_model,.49540,-1.6263,,
EBOP_model,.49560,-1.6259,,
EBOP_model,.49580,-1.6255,,
EBOP_model,.49600,-1.6251,,
EBOP_model,.49620,-1.6248,,
EBOP_model,.49640,-1.6245,,
EBOP_model,.49660,-1.6242,,
EBOP_model,.49680,-1.6239,,
EBOP_model,.49700,-1.6237,,
EBOP_model,.49720,-1.6235,,
EBOP_model,.49740,-1.6234,,
EBOP_model,.49760,-1.6232,,
EBOP_model,.49780,-1.6231,,
EBOP_model,.49800,-1.6231,,
EBOP_model,.49820,-1.6230,,
EBOP_model,.49840,-1.6230,,
EBOP_model,.49860,-1.6230,,
EBOP_model,.49880,-1.6230,,
EBOP_model,.49900,-1.6231,,
EBOP_model,.49920,-1.6232,,
EBOP_model,.49940,-1.6233,,
EBOP_model,.49960,-1.6235,,
EBOP_model,.49980,-1.6237,,
EBOP_model,.50000,-1.6239,,
EBOP_model,.50020,-1.6241,,
EBOP_model,.50040,-1.6244,,
EBOP_model,.50060,-1.6247,,
EBOP_model,.50080,-1.6250,,
EBOP_model,.50100,-1.6254,,
EBOP_model,.50120,-1.6258,,
EBOP_model,.50140,-1.6262,,
EBOP_model,.50160,-1.6266,,
EBOP_model,.50180,-1.6271,,
EBOP_model,.50200,-1.6276,,
EBOP_model,.50220,-1.6281,,
EBOP_model,.50240,-1.6286,,
EBOP_model,.50260,-1.6292,,
EBOP_model,.50280,-1.6298,,
EBOP_model,.50300,-1.6304,,
EBOP_model,.50320,-1.6311,,
EBOP_model,.50340,-1.6318,,
EBOP_model,.50360,-1.6325,,
EBOP_model,.50380,-1.6332,,
EBOP_model,.50400,-1.6339,,
EBOP_model,.50420,-1.6347,,
EBOP_model,.50440,-1.6355,,
EBOP_model,.50460,-1.6363,,
EBOP_model,.50480,-1.6372,,
EBOP_model,.50500,-1.6381,,
EBOP_model,.50520,-1.6389,,
EBOP_model,.50540,-1.6399,,
EBOP_model,.50560,-1.6408,,
EBOP_model,.50580,-1.6418,,
EBOP_model,.50600,-1.6427,,
EBOP_model,.50620,-1.6437,,
EBOP_model,.50640,-1.6448,,
EBOP_model,.50660,-1.6458,,
EBOP_model,.50680,-1.6469,,
EBOP_model,.50700,-1.6479,,
EBOP_model,.50720,-1.6490,,
EBOP_model,.50740,-1.6501,,
EBOP_model,.50760,-1.6513,,
EBOP_model,.50780,-1.6524,,
EBOP_model,.50800,-1.6536,,
EBOP_model,.50820,-1.6548,,
EBOP_model,.50840,-1.6560,,
EBOP_model,.50860,-1.6572,,
EBOP_model,.50880,-1.6584,,
EBOP_model,.50900,-1.6597,,
EBOP_model,.50920,-1.6610,,
EBOP_model,.50940,-1.6622,,
EBOP_model,.50960,-1.6635,,
EBOP_model,.50980,-1.6648,,
EBOP_model,.51000,-1.6662,,
EBOP_model,.51020,-1.6675,,
EBOP_model,.51040,-1.6688,,
EBOP_model,.51060,-1.6702,,
EBOP_model,.51080,-1.6716,,
EBOP_model,.51100,-1.6729,,
EBOP_model,.51120,-1.6743,,
EBOP_model,.51140,-1.6757,,
EBOP_model,.51160,-1.6772,,
EBOP_model,.51180,-1.6786,,
EBOP_model,.51200,-1.6800,,
EBOP_model,.51220,-1.6815,,
EBOP_model,.51240,-1.6829,,
EBOP_model,.51260,-1.6844,,
EBOP_model,.51280,-1.6859,,
EBOP_model,.51300,-1.6873,,
EBOP_model,.51320,-1.6888,,
EBOP_model,.51340,-1.6903,,
EBOP_model,.51360,-1.6918,,
EBOP_model,.51380,-1.6933,,
EBOP_model,.51400,-1.6948,,
EBOP_model,.51420,-1.6964,,
EBOP_model,.51440,-1.6979,,
EBOP_model,.51460,-1.6994,,
EBOP_model,.51480,-1.7010,,
EBOP_model,.51500,-1.7025,,
EBOP_model,.51520,-1.7040,,
EBOP_model,.51540,-1.7056,,
EBOP_model,.51560,-1.7072,,
EBOP_model,.51580,-1.7087,,
EBOP_model,.51600,-1.7103,,
EBOP_model,.51620,-1.7118,,
EBOP_model,.51640,-1.7134,,
EBOP_model,.51660,-1.7150,,
EBOP_model,.51680,-1.7166,,
EBOP_model,.51700,-1.7181,,
EBOP_model,.51720,-1.7197,,
EBOP_model,.51740,-1.7213,,
EBOP_model,.51760,-1.7229,,
EBOP_model,.51780,-1.7245,,
EBOP_model,.51800,-1.7260,,
EBOP_model,.51820,-1.7276,,
EBOP_model,.51840,-1.7292,,
EBOP_model,.51860,-1.7308,,
EBOP_model,.51880,-1.7324,,
EBOP_model,.51900,-1.7340,,
EBOP_model,.51920,-1.7356,,
EBOP_model,.51940,-1.7371,,
EBOP_model,.51960,-1.7387,,
EBOP_model,.51980,-1.7403,,
EBOP_model,.52000,-1.7419,,
EBOP_model,.52020,-1.7435,,
EBOP_model,.52040,-1.7450,,
EBOP_model,.52060,-1.7466,,
EBOP_model,.52080,-1.7482,,
EBOP_model,.52100,-1.7498,,
EBOP_model,.52120,-1.7513,,
EBOP_model,.52140,-1.7529,,
EBOP_model,.52160,-1.7545,,
EBOP_model,.52180,-1.7560,,
EBOP_model,.52200,-1.7576,,
EBOP_model,.52220,-1.7591,,
EBOP_model,.52240,-1.7607,,
EBOP_model,.52260,-1.7622,,
EBOP_model,.52280,-1.7638,,
EBOP_model,.52300,-1.7653,,
EBOP_model,.52320,-1.7669,,
EBOP_model,.52340,-1.7684,,
EBOP_model,.52360,-1.7699,,
EBOP_model,.52380,-1.7714,,
EBOP_model,.52400,-1.7730,,
EBOP_model,.52420,-1.7745,,
EBOP_model,.52440,-1.7760,,
EBOP_model,.52460,-1.7775,,
EBOP_model,.52480,-1.7790,,
EBOP_model,.52500,-1.7805,,
EBOP_model,.52520,-1.7820,,
EBOP_model,.52540,-1.7834,,
EBOP_model,.52560,-1.7849,,
EBOP_model,.52580,-1.7864,,
EBOP_model,.52600,-1.7878,,
EBOP_model,.52620,-1.7893,,
EBOP_model,.52640,-1.7907,,
EBOP_model,.52660,-1.7922,,
EBOP_model,.52680,-1.7936,,
EBOP_model,.52700,-1.7950,,
EBOP_model,.52720,-1.7965,,
EBOP_model,.52740,-1.7979,,
EBOP_model,.52760,-1.7993,,
EBOP_model,.52780,-1.8007,,
EBOP_model,.52800,-1.8021,,
EBOP_model,.52820,-1.8035,,
EBOP_model,.52840,-1.8048,,
EBOP_model,.52860,-1.8062,,
EBOP_model,.52880,-1.8076,,
EBOP_model,.52900,-1.8089,,
EBOP_model,.52920,-1.8103,,
EBOP_model,.52940,-1.8116,,
EBOP_model,.52960,-1.8129,,
EBOP_model,.52980,-1.8142,,
EBOP_model,.53000,-1.8156,,
EBOP_model,.53020,-1.8169,,
EBOP_model,.53040,-1.8182,,
EBOP_model,.53060,-1.8194,,
EBOP_model,.53080,-1.8207,,
EBOP_model,.53100,-1.8220,,
EBOP_model,.53120,-1.8232,,
EBOP_model,.53140,-1.8245,,
EBOP_model,.53160,-1.8257,,
EBOP_model,.53180,-1.8270,,
EBOP_model,.53200,-1.8282,,
EBOP_model,.53220,-1.8294,,
EBOP_model,.53240,-1.8306,,
EBOP_model,.53260,-1.8318,,
EBOP_model,.53280,-1.8330,,
EBOP_model,.53300,-1.8341,,
EBOP_model,.53320,-1.8353,,
EBOP_model,.53340,-1.8365,,
EBOP_model,.53360,-1.8376,,
EBOP_model,.53380,-1.8387,,
EBOP_model,.53400,-1.8398,,
EBOP_model,.53420,-1.8410,,
EBOP_model,.53440,-1.8421,,
EBOP_model,.53460,-1.8431,,
EBOP_model,.53480,-1.8442,,
EBOP_model,.53500,-1.8453,,
EBOP_model,.53520,-1.8463,,
EBOP_model,.53540,-1.8474,,
EBOP_model,.53560,-1.8484,,
EBOP_model,.53580,-1.8494,,
EBOP_model,.53600,-1.8505,,
EBOP_model,.53620,-1.8515,,
EBOP_model,.53640,-1.8524,,
EBOP_model,.53660,-1.8534,,
EBOP_model,.53680,-1.8544,,
EBOP_model,.53700,-1.8553,,
EBOP_model,.53720,-1.8563,,
EBOP_model,.53740,-1.8572,,
EBOP_model,.53760,-1.8581,,
EBOP_model,.53780,-1.8590,,
EBOP_model,.53800,-1.8599,,
EBOP_model,.53820,-1.8608,,
EBOP_model,.53840,-1.8617,,
EBOP_model,.53860,-1.8625,,
EBOP_model,.53880,-1.8634,,
EBOP_model,.53900,-1.8642,,
EBOP_model,.53920,-1.8650,,
EBOP_model,.53940,-1.8658,,
EBOP_model,.53960,-1.8666,,
EBOP_model,.53980,-1.8674,,
EBOP_model,.54000,-1.8682,,
EBOP_model,.54020,-1.8689,,
EBOP_model,.54040,-1.8697,,
EBOP_model,.54060,-1.8704,,
EBOP_model,.54080,-1.8711,,
EBOP_model,.54100,-1.8718,,
EBOP_model,.54120,-1.8725,,
EBOP_model,.54140,-1.8732,,
EBOP_model,.54160,-1.8738,,
EBOP_model,.54180,-1.8745,,
EBOP_model,.54200,-1.8751,,
EBOP_model,.54220,-1.8757,,
EBOP_model,.54240,-1.8763,,
EBOP_model,.54260,-1.8769,,
EBOP_model,.54280,-1.8775,,
EBOP_model,.54300,-1.8781,,
EBOP_model,.54320,-1.8786,,
EBOP_model,.54340,-1.8791,,
EBOP_model,.54360,-1.8796,,
EBOP_model,.54380,-1.8801,,
EBOP_model,.54400,-1.8806,,
EBOP_model,.54420,-1.8811,,
EBOP_model,.54440,-1.8815,,
EBOP_model,.54460,-1.8820,,
EBOP_model,.54480,-1.8824,,
EBOP_model,.54500,-1.8828,,
EBOP_model,.54520,-1.8832,,
EBOP_model,.54540,-1.8836,,
EBOP_model,.54560,-1.8839,,
EBOP_model,.54580,-1.8842,,
EBOP_model,.54600,-1.8846,,
EBOP_model,.54620,-1.8849,,
EBOP_model,.54640,-1.8852,,
EBOP_model,.54660,-1.8854,,
EBOP_model,.54680,-1.8857,,
EBOP_model,.54700,-1.8859,,
EBOP_model,.54720,-1.8861,,
EBOP_model,.54740,-1.8863,,
EBOP_model,.54760,-1.8864,,
EBOP_model,.54780,-1.8866,,
EBOP_model,.54800,-1.8867,,
EBOP_model,.54820,-1.8868,,
EBOP_model,.54840,-1.8868,,
EBOP_model,.54860,-1.8868,,
EBOP_model,.54880,-1.8868,,
EBOP_model,.54900,-1.8868,,
EBOP_model,.54920,-1.8868,,
EBOP_model,.54940,-1.8868,,
EBOP_model,.54960,-1.8868,,
EBOP_model,.54980,-1.8868,,
EBOP_model,.55000,-1.8868,,
EBOP_model,.55020,-1.8869,,
EBOP_model,.55040,-1.8869,,
EBOP_model,.55060,-1.8869,,
EBOP_model,.55080,-1.8869,,
EBOP_model,.55100,-1.8869,,
EBOP_model,.55120,-1.8869,,
EBOP_model,.55140,-1.8869,,
EBOP_model,.55160,-1.8869,,
EBOP_model,.55180,-1.8869,,
EBOP_model,.55200,-1.8869,,
EBOP_model,.55220,-1.8869,,
EBOP_model,.55240,-1.8869,,
EBOP_model,.55260,-1.8869,,
EBOP_model,.55280,-1.8869,,
EBOP_model,.55300,-1.8869,,
EBOP_model,.55320,-1.8869,,
EBOP_model,.55340,-1.8869,,
EBOP_model,.55360,-1.8869,,
EBOP_model,.55380,-1.8869,,
EBOP_model,.55400,-1.8869,,
EBOP_model,.55420,-1.8869,,
EBOP_model,.55440,-1.8869,,
EBOP_model,.55460,-1.8869,,
EBOP_model,.55480,-1.8869,,
EBOP_model,.55500,-1.8869,,
EBOP_model,.55520,-1.8869,,
EBOP_model,.55540,-1.8869,,
EBOP_model,.55560,-1.8870,,
EBOP_model,.55580,-1.8870,,
EBOP_model,.55600,-1.8870,,
EBOP_model,.55620,-1.8870,,
EBOP_model,.55640,-1.8870,,
EBOP_model,.55660,-1.8870,,
EBOP_model,.55680,-1.8870,,
EBOP_model,.55700,-1.8870,,
EBOP_model,.55720,-1.8870,,
EBOP_model,.55740,-1.8870,,
EBOP_model,.55760,-1.8870,,
EBOP_model,.55780,-1.8870,,
EBOP_model,.55800,-1.8870,,
EBOP_model,.55820,-1.8870,,
EBOP_model,.55840,-1.8870,,
EBOP_model,.55860,-1.8870,,
EBOP_model,.55880,-1.8870,,
EBOP_model,.55900,-1.8870,,
EBOP_model,.55920,-1.8870,,
EBOP_model,.55940,-1.8870,,
EBOP_model,.55960,-1.8870,,
EBOP_model,.55980,-1.8870,,
EBOP_model,.56000,-1.8870,,
EBOP_model,.56020,-1.8870,,
EBOP_model,.56040,-1.8870,,
EBOP_model,.56060,-1.8871,,
EBOP_model,.56080,-1.8871,,
EBOP_model,.56100,-1.8871,,
EBOP_model,.56120,-1.8871,,
EBOP_model,.56140,-1.8871,,
EBOP_model,.56160,-1.8871,,
EBOP_model,.56180,-1.8871,,
EBOP_model,.56200,-1.8871,,
EBOP_model,.56220,-1.8871,,
EBOP_model,.56240,-1.8871,,
EBOP_model,.56260,-1.8871,,
EBOP_model,.56280,-1.8871,,
EBOP_model,.56300,-1.8871,,
EBOP_model,.56320,-1.8871,,
EBOP_model,.56340,-1.8871,,
EBOP_model,.56360,-1.8871,,
EBOP_model,.56380,-1.8871,,
EBOP_model,.56400,-1.8871,,
EBOP_model,.56420,-1.8871,,
EBOP_model,.56440,-1.8871,,
EBOP_model,.56460,-1.8871,,
EBOP_model,.56480,-1.8871,,
EBOP_model,.56500,-1.8871,,
EBOP_model,.56520,-1.8871,,
EBOP_model,.56540,-1.8872,,
EBOP_model,.56560,-1.8872,,
EBOP_model,.56580,-1.8872,,
EBOP_model,.56600,-1.8872,,
EBOP_model,.56620,-1.8872,,
EBOP_model,.56640,-1.8872,,
EBOP_model,.56660,-1.8872,,
EBOP_model,.56680,-1.8872,,
EBOP_model,.56700,-1.8872,,
EBOP_model,.56720,-1.8872,,
EBOP_model,.56740,-1.8872,,
EBOP_model,.56760,-1.8872,,
EBOP_model,.56780,-1.8872,,
EBOP_model,.56800,-1.8872,,
EBOP_model,.56820,-1.8872,,
EBOP_model,.56840,-1.8872,,
EBOP_model,.56860,-1.8872,,
EBOP_model,.56880,-1.8872,,
EBOP_model,.56900,-1.8872,,
EBOP_model,.56920,-1.8872,,
EBOP_model,.56940,-1.8872,,
EBOP_model,.56960,-1.8872,,
EBOP_model,.56980,-1.8872,,
EBOP_model,.57000,-1.8873,,
EBOP_model,.57020,-1.8873,,
EBOP_model,.57040,-1.8873,,
EBOP_model,.57060,-1.8873,,
EBOP_model,.57080,-1.8873,,
EBOP_model,.57100,-1.8873,,
EBOP_model,.57120,-1.8873,,
EBOP_model,.57140,-1.8873,,
EBOP_model,.57160,-1.8873,,
EBOP_model,.57180,-1.8873,,
EBOP_model,.57200,-1.8873,,
EBOP_model,.57220,-1.8873,,
EBOP_model,.57240,-1.8873,,
EBOP_model,.57260,-1.8873,,
EBOP_model,.57280,-1.8873,,
EBOP_model,.57300,-1.8873,,
EBOP_model,.57320,-1.8873,,
EBOP_model,.57340,-1.8873,,
EBOP_model,.57360,-1.8873,,
EBOP_model,.57380,-1.8873,,
EBOP_model,.57400,-1.8873,,
EBOP_model,.57420,-1.8873,,
EBOP_model,.57440,-1.8874,,
EBOP_model,.57460,-1.8874,,
EBOP_model,.57480,-1.8874,,
EBOP_model,.57500,-1.8874,,
EBOP_model,.57520,-1.8874,,
EBOP_model,.57540,-1.8874,,
EBOP_model,.57560,-1.8874,,
EBOP_model,.57580,-1.8874,,
EBOP_model,.57600,-1.8874,,
EBOP_model,.57620,-1.8874,,
EBOP_model,.57640,-1.8874,,
EBOP_model,.57660,-1.8874,,
EBOP_model,.57680,-1.8874,,
EBOP_model,.57700,-1.8874,,
EBOP_model,.57720,-1.8874,,
EBOP_model,.57740,-1.8874,,
EBOP_model,.57760,-1.8874,,
EBOP_model,.57780,-1.8874,,
EBOP_model,.57800,-1.8874,,
EBOP_model,.57820,-1.8874,,
EBOP_model,.57840,-1.8874,,
EBOP_model,.57860,-1.8875,,
EBOP_model,.57880,-1.8875,,
EBOP_model,.57900,-1.8875,,
EBOP_model,.57920,-1.8875,,
EBOP_model,.57940,-1.8875,,
EBOP_model,.57960,-1.8875,,
EBOP_model,.57980,-1.8875,,
EBOP_model,.58000,-1.8875,,
EBOP_model,.58020,-1.8875,,
EBOP_model,.58040,-1.8875,,
EBOP_model,.58060,-1.8875,,
EBOP_model,.58080,-1.8875,,
EBOP_model,.58100,-1.8875,,
EBOP_model,.58120,-1.8875,,
EBOP_model,.58140,-1.8875,,
EBOP_model,.58160,-1.8875,,
EBOP_model,.58180,-1.8875,,
EBOP_model,.58200,-1.8875,,
EBOP_model,.58220,-1.8875,,
EBOP_model,.58240,-1.8875,,
EBOP_model,.58260,-1.8875,,
EBOP_model,.58280,-1.8876,,
EBOP_model,.58300,-1.8876,,
EBOP_model,.58320,-1.8876,,
EBOP_model,.58340,-1.8876,,
EBOP_model,.58360,-1.8876,,
EBOP_model,.58380,-1.8876,,
EBOP_model,.58400,-1.8876,,
EBOP_model,.58420,-1.8876,,
EBOP_model,.58440,-1.8876,,
EBOP_model,.58460,-1.8876,,
EBOP_model,.58480,-1.8876,,
EBOP_model,.58500,-1.8876,,
EBOP_model,.58520,-1.8876,,
EBOP_model,.58540,-1.8876,,
EBOP_model,.58560,-1.8876,,
EBOP_model,.58580,-1.8876,,
EBOP_model,.58600,-1.8876,,
EBOP_model,.58620,-1.8876,,
EBOP_model,.58640,-1.8876,,
EBOP_model,.58660,-1.8876,,
EBOP_model,.58680,-1.8877,,
EBOP_model,.58700,-1.8877,,
EBOP_model,.58720,-1.8877,,
EBOP_model,.58740,-1.8877,,
EBOP_model,.58760,-1.8877,,
EBOP_model,.58780,-1.8877,,
EBOP_model,.58800,-1.8877,,
EBOP_model,.58820,-1.8877,,
EBOP_model,.58840,-1.8877,,
EBOP_model,.58860,-1.8877,,
EBOP_model,.58880,-1.8877,,
EBOP_model,.58900,-1.8877,,
EBOP_model,.58920,-1.8877,,
EBOP_model,.58940,-1.8877,,
EBOP_model,.58960,-1.8877,,
EBOP_model,.58980,-1.8877,,
EBOP_model,.59000,-1.8877,,
EBOP_model,.59020,-1.8877,,
EBOP_model,.59040,-1.8877,,
EBOP_model,.59060,-1.8877,,
EBOP_model,.59080,-1.8878,,
EBOP_model,.59100,-1.8878,,
EBOP_model,.59120,-1.8878,,
EBOP_model,.59140,-1.8878,,
EBOP_model,.59160,-1.8878,,
EBOP_model,.59180,-1.8878,,
EBOP_model,.59200,-1.8878,,
EBOP_model,.59220,-1.8878,,
EBOP_model,.59240,-1.8878,,
EBOP_model,.59260,-1.8878,,
EBOP_model,.59280,-1.8878,,
EBOP_model,.59300,-1.8878,,
EBOP_model,.59320,-1.8878,,
EBOP_model,.59340,-1.8878,,
EBOP_model,.59360,-1.8878,,
EBOP_model,.59380,-1.8878,,
EBOP_model,.59400,-1.8878,,
EBOP_model,.59420,-1.8878,,
EBOP_model,.59440,-1.8878,,
EBOP_model,.59460,-1.8878,,
EBOP_model,.59480,-1.8879,,
EBOP_model,.59500,-1.8879,,
EBOP_model,.59520,-1.8879,,
EBOP_model,.59540,-1.8879,,
EBOP_model,.59560,-1.8879,,
EBOP_model,.59580,-1.8879,,
EBOP_model,.59600,-1.8879,,
EBOP_model,.59620,-1.8879,,
EBOP_model,.59640,-1.8879,,
EBOP_model,.59660,-1.8879,,
EBOP_model,.59680,-1.8879,,
EBOP_model,.59700,-1.8879,,
EBOP_model,.59720,-1.8879,,
EBOP_model,.59740,-1.8879,,
EBOP_model,.59760,-1.8879,,
EBOP_model,.59780,-1.8879,,
EBOP_model,.59800,-1.8879,,
EBOP_model,.59820,-1.8879,,
EBOP_model,.59840,-1.8879,,
EBOP_model,.59860,-1.8880,,
EBOP_model,.59880,-1.8880,,
EBOP_model,.59900,-1.8880,,
EBOP_model,.59920,-1.8880,,
EBOP_model,.59940,-1.8880,,
EBOP_model,.59960,-1.8880,,
EBOP_model,.59980,-1.8880,,
EBOP_model,.60000,-1.8880,,
EBOP_model,.60020,-1.8880,,
EBOP_model,.60040,-1.8880,,
EBOP_model,.60060,-1.8880,,
EBOP_model,.60080,-1.8880,,
EBOP_model,.60100,-1.8880,,
EBOP_model,.60120,-1.8880,,
EBOP_model,.60140,-1.8880,,
EBOP_model,.60160,-1.8880,,
EBOP_model,.60180,-1.8880,,
EBOP_model,.60200,-1.8880,,
EBOP_model,.60220,-1.8880,,
EBOP_model,.60240,-1.8880,,
EBOP_model,.60260,-1.8881,,
EBOP_model,.60280,-1.8881,,
EBOP_model,.60300,-1.8881,,
EBOP_model,.60320,-1.8881,,
EBOP_model,.60340,-1.8881,,
EBOP_model,.60360,-1.8881,,
EBOP_model,.60380,-1.8881,,
EBOP_model,.60400,-1.8881,,
EBOP_model,.60420,-1.8881,,
EBOP_model,.60440,-1.8881,,
EBOP_model,.60460,-1.8881,,
EBOP_model,.60480,-1.8881,,
EBOP_model,.60500,-1.8881,,
EBOP_model,.60520,-1.8881,,
EBOP_model,.60540,-1.8881,,
EBOP_model,.60560,-1.8881,,
EBOP_model,.60580,-1.8881,,
EBOP_model,.60600,-1.8881,,
EBOP_model,.60620,-1.8881,,
EBOP_model,.60640,-1.8882,,
EBOP_model,.60660,-1.8882,,
EBOP_model,.60680,-1.8882,,
EBOP_model,.60700,-1.8882,,
EBOP_model,.60720,-1.8882,,
EBOP_model,.60740,-1.8882,,
EBOP_model,.60760,-1.8882,,
EBOP_model,.60780,-1.8882,,
EBOP_model,.60800,-1.8882,,
EBOP_model,.60820,-1.8882,,
EBOP_model,.60840,-1.8882,,
EBOP_model,.60860,-1.8882,,
EBOP_model,.60880,-1.8882,,
EBOP_model,.60900,-1.8882,,
EBOP_model,.60920,-1.8882,,
EBOP_model,.60940,-1.8882,,
EBOP_model,.60960,-1.8882,,
EBOP_model,.60980,-1.8882,,
EBOP_model,.61000,-1.8882,,
EBOP_model,.61020,-1.8882,,
EBOP_model,.61040,-1.8883,,
EBOP_model,.61060,-1.8883,,
EBOP_model,.61080,-1.8883,,
EBOP_model,.61100,-1.8883,,
EBOP_model,.61120,-1.8883,,
EBOP_model,.61140,-1.8883,,
EBOP_model,.61160,-1.8883,,
EBOP_model,.61180,-1.8883,,
EBOP_model,.61200,-1.8883,,
EBOP_model,.61220,-1.8883,,
EBOP_model,.61240,-1.8883,,
EBOP_model,.61260,-1.8883,,
EBOP_model,.61280,-1.8883,,
EBOP_model,.61300,-1.8883,,
EBOP_model,.61320,-1.8883,,
EBOP_model,.61340,-1.8883,,
EBOP_model,.61360,-1.8883,,
EBOP_model,.61380,-1.8883,,
EBOP_model,.61400,-1.8883,,
EBOP_model,.61420,-1.8884,,
EBOP_model,.61440,-1.8884,,
EBOP_model,.61460,-1.8884,,
EBOP_model,.61480,-1.8884,,
EBOP_model,.61500,-1.8884,,
EBOP_model,.61520,-1.8884,,
EBOP_model,.61540,-1.8884,,
EBOP_model,.61560,-1.8884,,
EBOP_model,.61580,-1.8884,,
EBOP_model,.61600,-1.8884,,
EBOP_model,.61620,-1.8884,,
EBOP_model,.61640,-1.8884,,
EBOP_model,.61660,-1.8884,,
EBOP_model,.61680,-1.8884,,
EBOP_model,.61700,-1.8884,,
EBOP_model,.61720,-1.8884,,
EBOP_model,.61740,-1.8884,,
EBOP_model,.61760,-1.8884,,
EBOP_model,.61780,-1.8884,,
EBOP_model,.61800,-1.8884,,
EBOP_model,.61820,-1.8885,,
EBOP_model,.61840,-1.8885,,
EBOP_model,.61860,-1.8885,,
EBOP_model,.61880,-1.8885,,
EBOP_model,.61900,-1.8885,,
EBOP_model,.61920,-1.8885,,
EBOP_model,.61940,-1.8885,,
EBOP_model,.61960,-1.8885,,
EBOP_model,.61980,-1.8885,,
EBOP_model,.62000,-1.8885,,
EBOP_model,.62020,-1.8885,,
EBOP_model,.62040,-1.8885,,
EBOP_model,.62060,-1.8885,,
EBOP_model,.62080,-1.8885,,
EBOP_model,.62100,-1.8885,,
EBOP_model,.62120,-1.8885,,
EBOP_model,.62140,-1.8885,,
EBOP_model,.62160,-1.8885,,
EBOP_model,.62180,-1.8885,,
EBOP_model,.62200,-1.8885,,
EBOP_model,.62220,-1.8886,,
EBOP_model,.62240,-1.8886,,
EBOP_model,.62260,-1.8886,,
EBOP_model,.62280,-1.8886,,
EBOP_model,.62300,-1.8886,,
EBOP_model,.62320,-1.8886,,
EBOP_model,.62340,-1.8886,,
EBOP_model,.62360,-1.8886,,
EBOP_model,.62380,-1.8886,,
EBOP_model,.62400,-1.8886,,
EBOP_model,.62420,-1.8886,,
EBOP_model,.62440,-1.8886,,
EBOP_model,.62460,-1.8886,,
EBOP_model,.62480,-1.8886,,
EBOP_model,.62500,-1.8886,,
EBOP_model,.62520,-1.8886,,
EBOP_model,.62540,-1.8886,,
EBOP_model,.62560,-1.8886,,
EBOP_model,.62580,-1.8886,,
EBOP_model,.62600,-1.8886,,
EBOP_model,.62620,-1.8886,,
EBOP_model,.62640,-1.8887,,
EBOP_model,.62660,-1.8887,,
EBOP_model,.62680,-1.8887,,
EBOP_model,.62700,-1.8887,,
EBOP_model,.62720,-1.8887,,
EBOP_model,.62740,-1.8887,,
EBOP_model,.62760,-1.8887,,
EBOP_model,.62780,-1.8887,,
EBOP_model,.62800,-1.8887,,
EBOP_model,.62820,-1.8887,,
EBOP_model,.62840,-1.8887,,
EBOP_model,.62860,-1.8887,,
EBOP_model,.62880,-1.8887,,
EBOP_model,.62900,-1.8887,,
EBOP_model,.62920,-1.8887,,
EBOP_model,.62940,-1.8887,,
EBOP_model,.62960,-1.8887,,
EBOP_model,.62980,-1.8887,,
EBOP_model,.63000,-1.8887,,
EBOP_model,.63020,-1.8887,,
EBOP_model,.63040,-1.8887,,
EBOP_model,.63060,-1.8888,,
EBOP_model,.63080,-1.8888,,
EBOP_model,.63100,-1.8888,,
EBOP_model,.63120,-1.8888,,
EBOP_model,.63140,-1.8888,,
EBOP_model,.63160,-1.8888,,
EBOP_model,.63180,-1.8888,,
EBOP_model,.63200,-1.8888,,
EBOP_model,.63220,-1.8888,,
EBOP_model,.63240,-1.8888,,
EBOP_model,.63260,-1.8888,,
EBOP_model,.63280,-1.8888,,
EBOP_model,.63300,-1.8888,,
EBOP_model,.63320,-1.8888,,
EBOP_model,.63340,-1.8888,,
EBOP_model,.63360,-1.8888,,
EBOP_model,.63380,-1.8888,,
EBOP_model,.63400,-1.8888,,
EBOP_model,.63420,-1.8888,,
EBOP_model,.63440,-1.8888,,
EBOP_model,.63460,-1.8888,,
EBOP_model,.63480,-1.8889,,
EBOP_model,.63500,-1.8889,,
EBOP_model,.63520,-1.8889,,
EBOP_model,.63540,-1.8889,,
EBOP_model,.63560,-1.8889,,
EBOP_model,.63580,-1.8889,,
EBOP_model,.63600,-1.8889,,
EBOP_model,.63620,-1.8889,,
EBOP_model,.63640,-1.8889,,
EBOP_model,.63660,-1.8889,,
EBOP_model,.63680,-1.8889,,
EBOP_model,.63700,-1.8889,,
EBOP_model,.63720,-1.8889,,
EBOP_model,.63740,-1.8889,,
EBOP_model,.63760,-1.8889,,
EBOP_model,.63780,-1.8889,,
EBOP_model,.63800,-1.8889,,
EBOP_model,.63820,-1.8889,,
EBOP_model,.63840,-1.8889,,
EBOP_model,.63860,-1.8889,,
EBOP_model,.63880,-1.8889,,
EBOP_model,.63900,-1.8889,,
EBOP_model,.63920,-1.8889,,
EBOP_model,.63940,-1.8890,,
EBOP_model,.63960,-1.8890,,
EBOP_model,.63980,-1.8890,,
EBOP_model,.64000,-1.8890,,
EBOP_model,.64020,-1.8890,,
EBOP_model,.64040,-1.8890,,
EBOP_model,.64060,-1.8890,,
EBOP_model,.64080,-1.8890,,
EBOP_model,.64100,-1.8890,,
EBOP_model,.64120,-1.8890,,
EBOP_model,.64140,-1.8890,,
EBOP_model,.64160,-1.8890,,
EBOP_model,.64180,-1.8890,,
EBOP_model,.64200,-1.8890,,
EBOP_model,.64220,-1.8890,,
EBOP_model,.64240,-1.8890,,
EBOP_model,.64260,-1.8890,,
EBOP_model,.64280,-1.8890,,
EBOP_model,.64300,-1.8890,,
EBOP_model,.64320,-1.8890,,
EBOP_model,.64340,-1.8890,,
EBOP_model,.64360,-1.8890,,
EBOP_model,.64380,-1.8890,,
EBOP_model,.64400,-1.8891,,
EBOP_model,.64420,-1.8891,,
EBOP_model,.64440,-1.8891,,
EBOP_model,.64460,-1.8891,,
EBOP_model,.64480,-1.8891,,
EBOP_model,.64500,-1.8891,,
EBOP_model,.64520,-1.8891,,
EBOP_model,.64540,-1.8891,,
EBOP_model,.64560,-1.8891,,
EBOP_model,.64580,-1.8891,,
EBOP_model,.64600,-1.8891,,
EBOP_model,.64620,-1.8891,,
EBOP_model,.64640,-1.8891,,
EBOP_model,.64660,-1.8891,,
EBOP_model,.64680,-1.8891,,
EBOP_model,.64700,-1.8891,,
EBOP_model,.64720,-1.8891,,
EBOP_model,.64740,-1.8891,,
EBOP_model,.64760,-1.8891,,
EBOP_model,.64780,-1.8891,,
EBOP_model,.64800,-1.8891,,
EBOP_model,.64820,-1.8891,,
EBOP_model,.64840,-1.8891,,
EBOP_model,.64860,-1.8891,,
EBOP_model,.64880,-1.8891,,
EBOP_model,.64900,-1.8892,,
EBOP_model,.64920,-1.8892,,
EBOP_model,.64940,-1.8892,,
EBOP_model,.64960,-1.8892,,
EBOP_model,.64980,-1.8892,,
EBOP_model,.65000,-1.8892,,
EBOP_model,.65020,-1.8892,,
EBOP_model,.65040,-1.8892,,
EBOP_model,.65060,-1.8892,,
EBOP_model,.65080,-1.8892,,
EBOP_model,.65100,-1.8892,,
EBOP_model,.65120,-1.8892,,
EBOP_model,.65140,-1.8892,,
EBOP_model,.65160,-1.8892,,
EBOP_model,.65180,-1.8892,,
EBOP_model,.65200,-1.8892,,
EBOP_model,.65220,-1.8892,,
EBOP_model,.65240,-1.8892,,
EBOP_model,.65260,-1.8892,,
EBOP_model,.65280,-1.8892,,
EBOP_model,.65300,-1.8892,,
EBOP_model,.65320,-1.8892,,
EBOP_model,.65340,-1.8892,,
EBOP_model,.65360,-1.8892,,
EBOP_model,.65380,-1.8892,,
EBOP_model,.65400,-1.8892,,
EBOP_model,.65420,-1.8892,,
EBOP_model,.65440,-1.8893,,
EBOP_model,.65460,-1.8893,,
EBOP_model,.65480,-1.8893,,
EBOP_model,.65500,-1.8893,,
EBOP_model,.65520,-1.8893,,
EBOP_model,.65540,-1.8893,,
EBOP_model,.65560,-1.8893,,
EBOP_model,.65580,-1.8893,,
EBOP_model,.65600,-1.8893,,
EBOP_model,.65620,-1.8893,,
EBOP_model,.65640,-1.8893,,
EBOP_model,.65660,-1.8893,,
EBOP_model,.65680,-1.8893,,
EBOP_model,.65700,-1.8893,,
EBOP_model,.65720,-1.8893,,
EBOP_model,.65740,-1.8893,,
EBOP_model,.65760,-1.8893,,
EBOP_model,.65780,-1.8893,,
EBOP_model,.65800,-1.8893,,
EBOP_model,.65820,-1.8893,,
EBOP_model,.65840,-1.8893,,
EBOP_model,.65860,-1.8893,,
EBOP_model,.65880,-1.8893,,
EBOP_model,.65900,-1.8893,,
EBOP_model,.65920,-1.8893,,
EBOP_model,.65940,-1.8893,,
EBOP_model,.65960,-1.8893,,
EBOP_model,.65980,-1.8893,,
EBOP_model,.66000,-1.8893,,
EBOP_model,.66020,-1.8894,,
EBOP_model,.66040,-1.8894,,
EBOP_model,.66060,-1.8894,,
EBOP_model,.66080,-1.8894,,
EBOP_model,.66100,-1.8894,,
EBOP_model,.66120,-1.8894,,
EBOP_model,.66140,-1.8894,,
EBOP_model,.66160,-1.8894,,
EBOP_model,.66180,-1.8894,,
EBOP_model,.66200,-1.8894,,
EBOP_model,.66220,-1.8894,,
EBOP_model,.66240,-1.8894,,
EBOP_model,.66260,-1.8894,,
EBOP_model,.66280,-1.8894,,
EBOP_model,.66300,-1.8894,,
EBOP_model,.66320,-1.8894,,
EBOP_model,.66340,-1.8894,,
EBOP_model,.66360,-1.8894,,
EBOP_model,.66380,-1.8894,,
EBOP_model,.66400,-1.8894,,
EBOP_model,.66420,-1.8894,,
EBOP_model,.66440,-1.8894,,
EBOP_model,.66460,-1.8894,,
EBOP_model,.66480,-1.8894,,
EBOP_model,.66500,-1.8894,,
EBOP_model,.66520,-1.8894,,
EBOP_model,.66540,-1.8894,,
EBOP_model,.66560,-1.8894,,
EBOP_model,.66580,-1.8894,,
EBOP_model,.66600,-1.8894,,
EBOP_model,.66620,-1.8894,,
EBOP_model,.66640,-1.8894,,
EBOP_model,.66660,-1.8894,,
EBOP_model,.66680,-1.8894,,
EBOP_model,.66700,-1.8895,,
EBOP_model,.66720,-1.8895,,
EBOP_model,.66740,-1.8895,,
EBOP_model,.66760,-1.8895,,
EBOP_model,.66780,-1.8895,,
EBOP_model,.66800,-1.8895,,
EBOP_model,.66820,-1.8895,,
EBOP_model,.66840,-1.8895,,
EBOP_model,.66860,-1.8895,,
EBOP_model,.66880,-1.8895,,
EBOP_model,.66900,-1.8895,,
EBOP_model,.66920,-1.8895,,
EBOP_model,.66940,-1.8895,,
EBOP_model,.66960,-1.8895,,
EBOP_model,.66980,-1.8895,,
EBOP_model,.67000,-1.8895,,
EBOP_model,.67020,-1.8895,,
EBOP_model,.67040,-1.8895,,
EBOP_model,.67060,-1.8895,,
EBOP_model,.67080,-1.8895,,
EBOP_model,.67100,-1.8895,,
EBOP_model,.67120,-1.8895,,
EBOP_model,.67140,-1.8895,,
EBOP_model,.67160,-1.8895,,
EBOP_model,.67180,-1.8895,,
EBOP_model,.67200,-1.8895,,
EBOP_model,.67220,-1.8895,,
EBOP_model,.67240,-1.8895,,
EBOP_model,.67260,-1.8895,,
EBOP_model,.67280,-1.8895,,
EBOP_model,.67300,-1.8895,,
EBOP_model,.67320,-1.8895,,
EBOP_model,.67340,-1.8895,,
EBOP_model,.67360,-1.8895,,
EBOP_model,.67380,-1.8895,,
EBOP_model,.67400,-1.8895,,
EBOP_model,.67420,-1.8895,,
EBOP_model,.67440,-1.8895,,
EBOP_model,.67460,-1.8895,,
EBOP_model,.67480,-1.8895,,
EBOP_model,.67500,-1.8895,,
EBOP_model,.67520,-1.8896,,
EBOP_model,.67540,-1.8896,,
EBOP_model,.67560,-1.8896,,
EBOP_model,.67580,-1.8896,,
EBOP_model,.67600,-1.8896,,
EBOP_model,.67620,-1.8896,,
EBOP_model,.67640,-1.8896,,
EBOP_model,.67660,-1.8896,,
EBOP_model,.67680,-1.8896,,
EBOP_model,.67700,-1.8896,,
EBOP_model,.67720,-1.8896,,
EBOP_model,.67740,-1.8896,,
EBOP_model,.67760,-1.8896,,
EBOP_model,.67780,-1.8896,,
EBOP_model,.67800,-1.8896,,
EBOP_model,.67820,-1.8896,,
EBOP_model,.67840,-1.8896,,
EBOP_model,.67860,-1.8896,,
EBOP_model,.67880,-1.8896,,
EBOP_model,.67900,-1.8896,,
EBOP_model,.67920,-1.8896,,
EBOP_model,.67940,-1.8896,,
EBOP_model,.67960,-1.8896,,
EBOP_model,.67980,-1.8896,,
EBOP_model,.68000,-1.8896,,
EBOP_model,.68020,-1.8896,,
EBOP_model,.68040,-1.8896,,
EBOP_model,.68060,-1.8896,,
EBOP_model,.68080,-1.8896,,
EBOP_model,.68100,-1.8896,,
EBOP_model,.68120,-1.8896,,
EBOP_model,.68140,-1.8896,,
EBOP_model,.68160,-1.8896,,
EBOP_model,.68180,-1.8896,,
EBOP_model,.68200,-1.8896,,
EBOP_model,.68220,-1.8896,,
EBOP_model,.68240,-1.8896,,
EBOP_model,.68260,-1.8896,,
EBOP_model,.68280,-1.8896,,
EBOP_model,.68300,-1.8896,,
EBOP_model,.68320,-1.8896,,
EBOP_model,.68340,-1.8896,,
EBOP_model,.68360,-1.8896,,
EBOP_model,.68380,-1.8896,,
EBOP_model,.68400,-1.8896,,
EBOP_model,.68420,-1.8896,,
EBOP_model,.68440,-1.8896,,
EBOP_model,.68460,-1.8896,,
EBOP_model,.68480,-1.8896,,
EBOP_model,.68500,-1.8896,,
EBOP_model,.68520,-1.8896,,
EBOP_model,.68540,-1.8896,,
EBOP_model,.68560,-1.8896,,
EBOP_model,.68580,-1.8896,,
EBOP_model,.68600,-1.8896,,
EBOP_model,.68620,-1.8896,,
EBOP_model,.68640,-1.8896,,
EBOP_model,.68660,-1.8896,,
EBOP_model,.68680,-1.8896,,
EBOP_model,.68700,-1.8896,,
EBOP_model,.68720,-1.8896,,
EBOP_model,.68740,-1.8896,,
EBOP_model,.68760,-1.8896,,
EBOP_model,.68780,-1.8896,,
EBOP_model,.68800,-1.8897,,
EBOP_model,.68820,-1.8897,,
EBOP_model,.68840,-1.8897,,
EBOP_model,.68860,-1.8897,,
EBOP_model,.68880,-1.8897,,
EBOP_model,.68900,-1.8897,,
EBOP_model,.68920,-1.8897,,
EBOP_model,.68940,-1.8897,,
EBOP_model,.68960,-1.8897,,
EBOP_model,.68980,-1.8897,,
EBOP_model,.69000,-1.8897,,
EBOP_model,.69020,-1.8897,,
EBOP_model,.69040,-1.8897,,
EBOP_model,.69060,-1.8897,,
EBOP_model,.69080,-1.8897,,
EBOP_model,.69100,-1.8897,,
EBOP_model,.69120,-1.8897,,
EBOP_model,.69140,-1.8897,,
EBOP_model,.69160,-1.8897,,
EBOP_model,.69180,-1.8897,,
EBOP_model,.69200,-1.8897,,
EBOP_model,.69220,-1.8897,,
EBOP_model,.69240,-1.8897,,
EBOP_model,.69260,-1.8897,,
EBOP_model,.69280,-1.8897,,
EBOP_model,.69300,-1.8897,,
EBOP_model,.69320,-1.8897,,
EBOP_model,.69340,-1.8897,,
EBOP_model,.69360,-1.8897,,
EBOP_model,.69380,-1.8897,,
EBOP_model,.69400,-1.8897,,
EBOP_model,.69420,-1.8897,,
EBOP_model,.69440,-1.8897,,
EBOP_model,.69460,-1.8897,,
EBOP_model,.69480,-1.8897,,
EBOP_model,.69500,-1.8897,,
EBOP_model,.69520,-1.8897,,
EBOP_model,.69540,-1.8897,,
EBOP_model,.69560,-1.8897,,
EBOP_model,.69580,-1.8897,,
EBOP_model,.69600,-1.8897,,
EBOP_model,.69620,-1.8897,,
EBOP_model,.69640,-1.8897,,
EBOP_model,.69660,-1.8897,,
EBOP_model,.69680,-1.8897,,
EBOP_model,.69700,-1.8897,,
EBOP_model,.69720,-1.8897,,
EBOP_model,.69740,-1.8897,,
EBOP_model,.69760,-1.8897,,
EBOP_model,.69780,-1.8897,,
EBOP_model,.69800,-1.8897,,
EBOP_model,.69820,-1.8897,,
EBOP_model,.69840,-1.8897,,
EBOP_model,.69860,-1.8897,,
EBOP_model,.69880,-1.8897,,
EBOP_model,.69900,-1.8897,,
EBOP_model,.69920,-1.8897,,
EBOP_model,.69940,-1.8897,,
EBOP_model,.69960,-1.8897,,
EBOP_model,.69980,-1.8897,,
EBOP_model,.70000,-1.8897,,
EBOP_model,.70020,-1.8897,,
EBOP_model,.70040,-1.8897,,
EBOP_model,.70060,-1.8897,,
EBOP_model,.70080,-1.8897,,
EBOP_model,.70100,-1.8897,,
EBOP_model,.70120,-1.8897,,
EBOP_model,.70140,-1.8897,,
EBOP_model,.70160,-1.8897,,
EBOP_model,.70180,-1.8897,,
EBOP_model,.70200,-1.8897,,
EBOP_model,.70220,-1.8897,,
EBOP_model,.70240,-1.8897,,
EBOP_model,.70260,-1.8897,,
EBOP_model,.70280,-1.8897,,
EBOP_model,.70300,-1.8897,,
EBOP_model,.70320,-1.8897,,
EBOP_model,.70340,-1.8897,,
EBOP_model,.70360,-1.8897,,
EBOP_model,.70380,-1.8897,,
EBOP_model,.70400,-1.8897,,
EBOP_model,.70420,-1.8897,,
EBOP_model,.70440,-1.8897,,
EBOP_model,.70460,-1.8897,,
EBOP_model,.70480,-1.8897,,
EBOP_model,.70500,-1.8897,,
EBOP_model,.70520,-1.8897,,
EBOP_model,.70540,-1.8897,,
EBOP_model,.70560,-1.8897,,
EBOP_model,.70580,-1.8897,,
EBOP_model,.70600,-1.8897,,
EBOP_model,.70620,-1.8897,,
EBOP_model,.70640,-1.8897,,
EBOP_model,.70660,-1.8897,,
EBOP_model,.70680,-1.8897,,
EBOP_model,.70700,-1.8897,,
EBOP_model,.70720,-1.8897,,
EBOP_model,.70740,-1.8897,,
EBOP_model,.70760,-1.8897,,
EBOP_model,.70780,-1.8897,,
EBOP_model,.70800,-1.8897,,
EBOP_model,.70820,-1.8897,,
EBOP_model,.70840,-1.8897,,
EBOP_model,.70860,-1.8896,,
EBOP_model,.70880,-1.8896,,
EBOP_model,.70900,-1.8896,,
EBOP_model,.70920,-1.8896,,
EBOP_model,.70940,-1.8896,,
EBOP_model,.70960,-1.8896,,
EBOP_model,.70980,-1.8896,,
EBOP_model,.71000,-1.8896,,
EBOP_model,.71020,-1.8896,,
EBOP_model,.71040,-1.8896,,
EBOP_model,.71060,-1.8896,,
EBOP_model,.71080,-1.8896,,
EBOP_model,.71100,-1.8896,,
EBOP_model,.71120,-1.8896,,
EBOP_model,.71140,-1.8896,,
EBOP_model,.71160,-1.8896,,
EBOP_model,.71180,-1.8896,,
EBOP_model,.71200,-1.8896,,
EBOP_model,.71220,-1.8896,,
EBOP_model,.71240,-1.8896,,
EBOP_model,.71260,-1.8896,,
EBOP_model,.71280,-1.8896,,
EBOP_model,.71300,-1.8896,,
EBOP_model,.71320,-1.8896,,
EBOP_model,.71340,-1.8896,,
EBOP_model,.71360,-1.8896,,
EBOP_model,.71380,-1.8896,,
EBOP_model,.71400,-1.8896,,
EBOP_model,.71420,-1.8896,,
EBOP_model,.71440,-1.8896,,
EBOP_model,.71460,-1.8896,,
EBOP_model,.71480,-1.8896,,
EBOP_model,.71500,-1.8896,,
EBOP_model,.71520,-1.8896,,
EBOP_model,.71540,-1.8896,,
EBOP_model,.71560,-1.8896,,
EBOP_model,.71580,-1.8896,,
EBOP_model,.71600,-1.8896,,
EBOP_model,.71620,-1.8896,,
EBOP_model,.71640,-1.8896,,
EBOP_model,.71660,-1.8896,,
EBOP_model,.71680,-1.8896,,
EBOP_model,.71700,-1.8896,,
EBOP_model,.71720,-1.8896,,
EBOP_model,.71740,-1.8896,,
EBOP_model,.71760,-1.8896,,
EBOP_model,.71780,-1.8896,,
EBOP_model,.71800,-1.8896,,
EBOP_model,.71820,-1.8896,,
EBOP_model,.71840,-1.8896,,
EBOP_model,.71860,-1.8896,,
EBOP_model,.71880,-1.8896,,
EBOP_model,.71900,-1.8896,,
EBOP_model,.71920,-1.8896,,
EBOP_model,.71940,-1.8896,,
EBOP_model,.71960,-1.8896,,
EBOP_model,.71980,-1.8896,,
EBOP_model,.72000,-1.8896,,
EBOP_model,.72020,-1.8896,,
EBOP_model,.72040,-1.8896,,
EBOP_model,.72060,-1.8895,,
EBOP_model,.72080,-1.8895,,
EBOP_model,.72100,-1.8895,,
EBOP_model,.72120,-1.8895,,
EBOP_model,.72140,-1.8895,,
EBOP_model,.72160,-1.8895,,
EBOP_model,.72180,-1.8895,,
EBOP_model,.72200,-1.8895,,
EBOP_model,.72220,-1.8895,,
EBOP_model,.72240,-1.8895,,
EBOP_model,.72260,-1.8895,,
EBOP_model,.72280,-1.8895,,
EBOP_model,.72300,-1.8895,,
EBOP_model,.72320,-1.8895,,
EBOP_model,.72340,-1.8895,,
EBOP_model,.72360,-1.8895,,
EBOP_model,.72380,-1.8895,,
EBOP_model,.72400,-1.8895,,
EBOP_model,.72420,-1.8895,,
EBOP_model,.72440,-1.8895,,
EBOP_model,.72460,-1.8895,,
EBOP_model,.72480,-1.8895,,
EBOP_model,.72500,-1.8895,,
EBOP_model,.72520,-1.8895,,
EBOP_model,.72540,-1.8895,,
EBOP_model,.72560,-1.8895,,
EBOP_model,.72580,-1.8895,,
EBOP_model,.72600,-1.8895,,
EBOP_model,.72620,-1.8895,,
EBOP_model,.72640,-1.8895,,
EBOP_model,.72660,-1.8895,,
EBOP_model,.72680,-1.8895,,
EBOP_model,.72700,-1.8895,,
EBOP_model,.72720,-1.8895,,
EBOP_model,.72740,-1.8895,,
EBOP_model,.72760,-1.8895,,
EBOP_model,.72780,-1.8895,,
EBOP_model,.72800,-1.8894,,
EBOP_model,.72820,-1.8894,,
EBOP_model,.72840,-1.8894,,
EBOP_model,.72860,-1.8894,,
EBOP_model,.72880,-1.8894,,
EBOP_model,.72900,-1.8894,,
EBOP_model,.72920,-1.8894,,
EBOP_model,.72940,-1.8894,,
EBOP_model,.72960,-1.8894,,
EBOP_model,.72980,-1.8894,,
EBOP_model,.73000,-1.8894,,
EBOP_model,.73020,-1.8894,,
EBOP_model,.73040,-1.8894,,
EBOP_model,.73060,-1.8894,,
EBOP_model,.73080,-1.8894,,
EBOP_model,.73100,-1.8894,,
EBOP_model,.73120,-1.8894,,
EBOP_model,.73140,-1.8894,,
EBOP_model,.73160,-1.8894,,
EBOP_model,.73180,-1.8894,,
EBOP_model,.73200,-1.8894,,
EBOP_model,.73220,-1.8894,,
EBOP_model,.73240,-1.8894,,
EBOP_model,.73260,-1.8894,,
EBOP_model,.73280,-1.8894,,
EBOP_model,.73300,-1.8894,,
EBOP_model,.73320,-1.8894,,
EBOP_model,.73340,-1.8894,,
EBOP_model,.73360,-1.8894,,
EBOP_model,.73380,-1.8893,,
EBOP_model,.73400,-1.8893,,
EBOP_model,.73420,-1.8893,,
EBOP_model,.73440,-1.8893,,
EBOP_model,.73460,-1.8893,,
EBOP_model,.73480,-1.8893,,
EBOP_model,.73500,-1.8893,,
EBOP_model,.73520,-1.8893,,
EBOP_model,.73540,-1.8893,,
EBOP_model,.73560,-1.8893,,
EBOP_model,.73580,-1.8893,,
EBOP_model,.73600,-1.8893,,
EBOP_model,.73620,-1.8893,,
EBOP_model,.73640,-1.8893,,
EBOP_model,.73660,-1.8893,,
EBOP_model,.73680,-1.8893,,
EBOP_model,.73700,-1.8893,,
EBOP_model,.73720,-1.8893,,
EBOP_model,.73740,-1.8893,,
EBOP_model,.73760,-1.8893,,
EBOP_model,.73780,-1.8893,,
EBOP_model,.73800,-1.8893,,
EBOP_model,.73820,-1.8893,,
EBOP_model,.73840,-1.8893,,
EBOP_model,.73860,-1.8892,,
EBOP_model,.73880,-1.8892,,
EBOP_model,.73900,-1.8892,,
EBOP_model,.73920,-1.8892,,
EBOP_model,.73940,-1.8892,,
EBOP_model,.73960,-1.8892,,
EBOP_model,.73980,-1.8892,,
EBOP_model,.74000,-1.8892,,
EBOP_model,.74020,-1.8892,,
EBOP_model,.74040,-1.8892,,
EBOP_model,.74060,-1.8892,,
EBOP_model,.74080,-1.8892,,
EBOP_model,.74100,-1.8892,,
EBOP_model,.74120,-1.8892,,
EBOP_model,.74140,-1.8892,,
EBOP_model,.74160,-1.8892,,
EBOP_model,.74180,-1.8892,,
EBOP_model,.74200,-1.8892,,
EBOP_model,.74220,-1.8892,,
EBOP_model,.74240,-1.8892,,
EBOP_model,.74260,-1.8892,,
EBOP_model,.74280,-1.8892,,
EBOP_model,.74300,-1.8891,,
EBOP_model,.74320,-1.8891,,
EBOP_model,.74340,-1.8891,,
EBOP_model,.74360,-1.8891,,
EBOP_model,.74380,-1.8891,,
EBOP_model,.74400,-1.8891,,
EBOP_model,.74420,-1.8891,,
EBOP_model,.74440,-1.8891,,
EBOP_model,.74460,-1.8891,,
EBOP_model,.74480,-1.8891,,
EBOP_model,.74500,-1.8891,,
EBOP_model,.74520,-1.8891,,
EBOP_model,.74540,-1.8891,,
EBOP_model,.74560,-1.8891,,
EBOP_model,.74580,-1.8891,,
EBOP_model,.74600,-1.8891,,
EBOP_model,.74620,-1.8891,,
EBOP_model,.74640,-1.8891,,
EBOP_model,.74660,-1.8891,,
EBOP_model,.74680,-1.8891,,
EBOP_model,.74700,-1.8890,,
EBOP_model,.74720,-1.8890,,
EBOP_model,.74740,-1.8890,,
EBOP_model,.74760,-1.8890,,
EBOP_model,.74780,-1.8890,,
EBOP_model,.74800,-1.8890,,
EBOP_model,.74820,-1.8890,,
EBOP_model,.74840,-1.8890,,
EBOP_model,.74860,-1.8890,,
EBOP_model,.74880,-1.8890,,
EBOP_model,.74900,-1.8890,,
EBOP_model,.74920,-1.8890,,
EBOP_model,.74940,-1.8890,,
EBOP_model,.74960,-1.8890,,
EBOP_model,.74980,-1.8890,,
EBOP_model,.75000,-1.8890,,
EBOP_model,.75020,-1.8890,,
EBOP_model,.75040,-1.8890,,
EBOP_model,.75060,-1.8890,,
EBOP_model,.75080,-1.8889,,
EBOP_model,.75100,-1.8889,,
EBOP_model,.75120,-1.8889,,
EBOP_model,.75140,-1.8889,,
EBOP_model,.75160,-1.8889,,
EBOP_model,.75180,-1.8889,,
EBOP_model,.75200,-1.8889,,
EBOP_model,.75220,-1.8889,,
EBOP_model,.75240,-1.8889,,
EBOP_model,.75260,-1.8889,,
EBOP_model,.75280,-1.8889,,
EBOP_model,.75300,-1.8889,,
EBOP_model,.75320,-1.8889,,
EBOP_model,.75340,-1.8889,,
EBOP_model,.75360,-1.8889,,
EBOP_model,.75380,-1.8889,,
EBOP_model,.75400,-1.8889,,
EBOP_model,.75420,-1.8888,,
EBOP_model,.75440,-1.8888,,
EBOP_model,.75460,-1.8888,,
EBOP_model,.75480,-1.8888,,
EBOP_model,.75500,-1.8888,,
EBOP_model,.75520,-1.8888,,
EBOP_model,.75540,-1.8888,,
EBOP_model,.75560,-1.8888,,
EBOP_model,.75580,-1.8888,,
EBOP_model,.75600,-1.8888,,
EBOP_model,.75620,-1.8888,,
EBOP_model,.75640,-1.8888,,
EBOP_model,.75660,-1.8888,,
EBOP_model,.75680,-1.8888,,
EBOP_model,.75700,-1.8888,,
EBOP_model,.75720,-1.8888,,
EBOP_model,.75740,-1.8887,,
EBOP_model,.75760,-1.8887,,
EBOP_model,.75780,-1.8887,,
EBOP_model,.75800,-1.8887,,
EBOP_model,.75820,-1.8887,,
EBOP_model,.75840,-1.8887,,
EBOP_model,.75860,-1.8887,,
EBOP_model,.75880,-1.8887,,
EBOP_model,.75900,-1.8887,,
EBOP_model,.75920,-1.8887,,
EBOP_model,.75940,-1.8887,,
EBOP_model,.75960,-1.8887,,
EBOP_model,.75980,-1.8887,,
EBOP_model,.76000,-1.8887,,
EBOP_model,.76020,-1.8887,,
EBOP_model,.76040,-1.8886,,
EBOP_model,.76060,-1.8886,,
EBOP_model,.76080,-1.8886,,
EBOP_model,.76100,-1.8886,,
EBOP_model,.76120,-1.8886,,
EBOP_model,.76140,-1.8886,,
EBOP_model,.76160,-1.8886,,
EBOP_model,.76180,-1.8886,,
EBOP_model,.76200,-1.8886,,
EBOP_model,.76220,-1.8886,,
EBOP_model,.76240,-1.8886,,
EBOP_model,.76260,-1.8886,,
EBOP_model,.76280,-1.8886,,
EBOP_model,.76300,-1.8886,,
EBOP_model,.76320,-1.8886,,
EBOP_model,.76340,-1.8885,,
EBOP_model,.76360,-1.8885,,
EBOP_model,.76380,-1.8885,,
EBOP_model,.76400,-1.8885,,
EBOP_model,.76420,-1.8885,,
EBOP_model,.76440,-1.8885,,
EBOP_model,.76460,-1.8885,,
EBOP_model,.76480,-1.8885,,
EBOP_model,.76500,-1.8885,,
EBOP_model,.76520,-1.8885,,
EBOP_model,.76540,-1.8885,,
EBOP_model,.76560,-1.8885,,
EBOP_model,.76580,-1.8885,,
EBOP_model,.76600,-1.8885,,
EBOP_model,.76620,-1.8884,,
EBOP_model,.76640,-1.8884,,
EBOP_model,.76660,-1.8884,,
EBOP_model,.76680,-1.8884,,
EBOP_model,.76700,-1.8884,,
EBOP_model,.76720,-1.8884,,
EBOP_model,.76740,-1.8884,,
EBOP_model,.76760,-1.8884,,
EBOP_model,.76780,-1.8884,,
EBOP_model,.76800,-1.8884,,
EBOP_model,.76820,-1.8884,,
EBOP_model,.76840,-1.8884,,
EBOP_model,.76860,-1.8884,,
EBOP_model,.76880,-1.8883,,
EBOP_model,.76900,-1.8883,,
EBOP_model,.76920,-1.8883,,
EBOP_model,.76940,-1.8883,,
EBOP_model,.76960,-1.8883,,
EBOP_model,.76980,-1.8883,,
EBOP_model,.77000,-1.8883,,
EBOP_model,.77020,-1.8883,,
EBOP_model,.77040,-1.8883,,
EBOP_model,.77060,-1.8883,,
EBOP_model,.77080,-1.8883,,
EBOP_model,.77100,-1.8883,,
EBOP_model,.77120,-1.8883,,
EBOP_model,.77140,-1.8882,,
EBOP_model,.77160,-1.8882,,
EBOP_model,.77180,-1.8882,,
EBOP_model,.77200,-1.8882,,
EBOP_model,.77220,-1.8882,,
EBOP_model,.77240,-1.8882,,
EBOP_model,.77260,-1.8882,,
EBOP_model,.77280,-1.8882,,
EBOP_model,.77300,-1.8882,,
EBOP_model,.77320,-1.8882,,
EBOP_model,.77340,-1.8882,,
EBOP_model,.77360,-1.8882,,
EBOP_model,.77380,-1.8882,,
EBOP_model,.77400,-1.8881,,
EBOP_model,.77420,-1.8881,,
EBOP_model,.77440,-1.8881,,
EBOP_model,.77460,-1.8881,,
EBOP_model,.77480,-1.8881,,
EBOP_model,.77500,-1.8881,,
EBOP_model,.77520,-1.8881,,
EBOP_model,.77540,-1.8881,,
EBOP_model,.77560,-1.8881,,
EBOP_model,.77580,-1.8881,,
EBOP_model,.77600,-1.8881,,
EBOP_model,.77620,-1.8881,,
EBOP_model,.77640,-1.8880,,
EBOP_model,.77660,-1.8880,,
EBOP_model,.77680,-1.8880,,
EBOP_model,.77700,-1.8880,,
EBOP_model,.77720,-1.8880,,
EBOP_model,.77740,-1.8880,,
EBOP_model,.77760,-1.8880,,
EBOP_model,.77780,-1.8880,,
EBOP_model,.77800,-1.8880,,
EBOP_model,.77820,-1.8880,,
EBOP_model,.77840,-1.8880,,
EBOP_model,.77860,-1.8880,,
EBOP_model,.77880,-1.8879,,
EBOP_model,.77900,-1.8879,,
EBOP_model,.77920,-1.8879,,
EBOP_model,.77940,-1.8879,,
EBOP_model,.77960,-1.8879,,
EBOP_model,.77980,-1.8879,,
EBOP_model,.78000,-1.8879,,
EBOP_model,.78020,-1.8879,,
EBOP_model,.78040,-1.8879,,
EBOP_model,.78060,-1.8879,,
EBOP_model,.78080,-1.8879,,
EBOP_model,.78100,-1.8878,,
EBOP_model,.78120,-1.8878,,
EBOP_model,.78140,-1.8878,,
EBOP_model,.78160,-1.8878,,
EBOP_model,.78180,-1.8878,,
EBOP_model,.78200,-1.8878,,
EBOP_model,.78220,-1.8878,,
EBOP_model,.78240,-1.8878,,
EBOP_model,.78260,-1.8878,,
EBOP_model,.78280,-1.8878,,
EBOP_model,.78300,-1.8878,,
EBOP_model,.78320,-1.8878,,
EBOP_model,.78340,-1.8877,,
EBOP_model,.78360,-1.8877,,
EBOP_model,.78380,-1.8877,,
EBOP_model,.78400,-1.8877,,
EBOP_model,.78420,-1.8877,,
EBOP_model,.78440,-1.8877,,
EBOP_model,.78460,-1.8877,,
EBOP_model,.78480,-1.8877,,
EBOP_model,.78500,-1.8877,,
EBOP_model,.78520,-1.8877,,
EBOP_model,.78540,-1.8877,,
EBOP_model,.78560,-1.8876,,
EBOP_model,.78580,-1.8876,,
EBOP_model,.78600,-1.8876,,
EBOP_model,.78620,-1.8876,,
EBOP_model,.78640,-1.8876,,
EBOP_model,.78660,-1.8876,,
EBOP_model,.78680,-1.8876,,
EBOP_model,.78700,-1.8876,,
EBOP_model,.78720,-1.8876,,
EBOP_model,.78740,-1.8876,,
EBOP_model,.78760,-1.8876,,
EBOP_model,.78780,-1.8875,,
EBOP_model,.78800,-1.8875,,
EBOP_model,.78820,-1.8875,,
EBOP_model,.78840,-1.8875,,
EBOP_model,.78860,-1.8875,,
EBOP_model,.78880,-1.8875,,
EBOP_model,.78900,-1.8875,,
EBOP_model,.78920,-1.8875,,
EBOP_model,.78940,-1.8875,,
EBOP_model,.78960,-1.8875,,
EBOP_model,.78980,-1.8874,,
EBOP_model,.79000,-1.8874,,
EBOP_model,.79020,-1.8874,,
EBOP_model,.79040,-1.8874,,
EBOP_model,.79060,-1.8874,,
EBOP_model,.79080,-1.8874,,
EBOP_model,.79100,-1.8874,,
EBOP_model,.79120,-1.8874,,
EBOP_model,.79140,-1.8874,,
EBOP_model,.79160,-1.8874,,
EBOP_model,.79180,-1.8873,,
EBOP_model,.79200,-1.8873,,
EBOP_model,.79220,-1.8873,,
EBOP_model,.79240,-1.8873,,
EBOP_model,.79260,-1.8873,,
EBOP_model,.79280,-1.8873,,
EBOP_model,.79300,-1.8873,,
EBOP_model,.79320,-1.8873,,
EBOP_model,.79340,-1.8873,,
EBOP_model,.79360,-1.8873,,
EBOP_model,.79380,-1.8873,,
EBOP_model,.79400,-1.8872,,
EBOP_model,.79420,-1.8872,,
EBOP_model,.79440,-1.8872,,
EBOP_model,.79460,-1.8872,,
EBOP_model,.79480,-1.8872,,
EBOP_model,.79500,-1.8872,,
EBOP_model,.79520,-1.8872,,
EBOP_model,.79540,-1.8872,,
EBOP_model,.79560,-1.8872,,
EBOP_model,.79580,-1.8872,,
EBOP_model,.79600,-1.8871,,
EBOP_model,.79620,-1.8871,,
EBOP_model,.79640,-1.8871,,
EBOP_model,.79660,-1.8871,,
EBOP_model,.79680,-1.8871,,
EBOP_model,.79700,-1.8871,,
EBOP_model,.79720,-1.8871,,
EBOP_model,.79740,-1.8871,,
EBOP_model,.79760,-1.8871,,
EBOP_model,.79780,-1.8871,,
EBOP_model,.79800,-1.8870,,
EBOP_model,.79820,-1.8870,,
EBOP_model,.79840,-1.8870,,
EBOP_model,.79860,-1.8870,,
EBOP_model,.79880,-1.8870,,
EBOP_model,.79900,-1.8870,,
EBOP_model,.79920,-1.8870,,
EBOP_model,.79940,-1.8870,,
EBOP_model,.79960,-1.8870,,
EBOP_model,.79980,-1.8869,,
EBOP_model,.80000,-1.8869,,
EBOP_model,.80020,-1.8869,,
EBOP_model,.80040,-1.8869,,
EBOP_model,.80060,-1.8869,,
EBOP_model,.80080,-1.8869,,
EBOP_model,.80100,-1.8869,,
EBOP_model,.80120,-1.8869,,
EBOP_model,.80140,-1.8869,,
EBOP_model,.80160,-1.8869,,
EBOP_model,.80180,-1.8868,,
EBOP_model,.80200,-1.8868,,
EBOP_model,.80220,-1.8868,,
EBOP_model,.80240,-1.8868,,
EBOP_model,.80260,-1.8868,,
EBOP_model,.80280,-1.8868,,
EBOP_model,.80300,-1.8868,,
EBOP_model,.80320,-1.8868,,
EBOP_model,.80340,-1.8868,,
EBOP_model,.80360,-1.8867,,
EBOP_model,.80380,-1.8867,,
EBOP_model,.80400,-1.8867,,
EBOP_model,.80420,-1.8867,,
EBOP_model,.80440,-1.8867,,
EBOP_model,.80460,-1.8867,,
EBOP_model,.80480,-1.8867,,
EBOP_model,.80500,-1.8867,,
EBOP_model,.80520,-1.8867,,
EBOP_model,.80540,-1.8867,,
EBOP_model,.80560,-1.8866,,
EBOP_model,.80580,-1.8866,,
EBOP_model,.80600,-1.8866,,
EBOP_model,.80620,-1.8866,,
EBOP_model,.80640,-1.8866,,
EBOP_model,.80660,-1.8866,,
EBOP_model,.80680,-1.8866,,
EBOP_model,.80700,-1.8866,,
EBOP_model,.80720,-1.8866,,
EBOP_model,.80740,-1.8865,,
EBOP_model,.80760,-1.8865,,
EBOP_model,.80780,-1.8865,,
EBOP_model,.80800,-1.8865,,
EBOP_model,.80820,-1.8865,,
EBOP_model,.80840,-1.8865,,
EBOP_model,.80860,-1.8865,,
EBOP_model,.80880,-1.8865,,
EBOP_model,.80900,-1.8865,,
EBOP_model,.80920,-1.8864,,
EBOP_model,.80940,-1.8864,,
EBOP_model,.80960,-1.8864,,
EBOP_model,.80980,-1.8864,,
EBOP_model,.81000,-1.8864,,
EBOP_model,.81020,-1.8864,,
EBOP_model,.81040,-1.8864,,
EBOP_model,.81060,-1.8864,,
EBOP_model,.81080,-1.8864,,
EBOP_model,.81100,-1.8863,,
EBOP_model,.81120,-1.8863,,
EBOP_model,.81140,-1.8863,,
EBOP_model,.81160,-1.8863,,
EBOP_model,.81180,-1.8863,,
EBOP_model,.81200,-1.8863,,
EBOP_model,.81220,-1.8863,,
EBOP_model,.81240,-1.8863,,
EBOP_model,.81260,-1.8863,,
EBOP_model,.81280,-1.8862,,
EBOP_model,.81300,-1.8862,,
EBOP_model,.81320,-1.8862,,
EBOP_model,.81340,-1.8862,,
EBOP_model,.81360,-1.8862,,
EBOP_model,.81380,-1.8862,,
EBOP_model,.81400,-1.8862,,
EBOP_model,.81420,-1.8862,,
EBOP_model,.81440,-1.8862,,
EBOP_model,.81460,-1.8861,,
EBOP_model,.81480,-1.8861,,
EBOP_model,.81500,-1.8861,,
EBOP_model,.81520,-1.8861,,
EBOP_model,.81540,-1.8861,,
EBOP_model,.81560,-1.8861,,
EBOP_model,.81580,-1.8861,,
EBOP_model,.81600,-1.8861,,
EBOP_model,.81620,-1.8860,,
EBOP_model,.81640,-1.8860,,
EBOP_model,.81660,-1.8860,,
EBOP_model,.81680,-1.8860,,
EBOP_model,.81700,-1.8860,,
EBOP_model,.81720,-1.8860,,
EBOP_model,.81740,-1.8860,,
EBOP_model,.81760,-1.8860,,
EBOP_model,.81780,-1.8860,,
EBOP_model,.81800,-1.8859,,
EBOP_model,.81820,-1.8859,,
EBOP_model,.81840,-1.8859,,
EBOP_model,.81860,-1.8859,,
EBOP_model,.81880,-1.8859,,
EBOP_model,.81900,-1.8859,,
EBOP_model,.81920,-1.8859,,
EBOP_model,.81940,-1.8859,,
EBOP_model,.81960,-1.8858,,
EBOP_model,.81980,-1.8858,,
EBOP_model,.82000,-1.8858,,
EBOP_model,.82020,-1.8858,,
EBOP_model,.82040,-1.8858,,
EBOP_model,.82060,-1.8858,,
EBOP_model,.82080,-1.8858,,
EBOP_model,.82100,-1.8858,,
EBOP_model,.82120,-1.8858,,
EBOP_model,.82140,-1.8857,,
EBOP_model,.82160,-1.8857,,
EBOP_model,.82180,-1.8857,,
EBOP_model,.82200,-1.8857,,
EBOP_model,.82220,-1.8857,,
EBOP_model,.82240,-1.8857,,
EBOP_model,.82260,-1.8857,,
EBOP_model,.82280,-1.8857,,
EBOP_model,.82300,-1.8856,,
EBOP_model,.82320,-1.8856,,
EBOP_model,.82340,-1.8856,,
EBOP_model,.82360,-1.8856,,
EBOP_model,.82380,-1.8856,,
EBOP_model,.82400,-1.8856,,
EBOP_model,.82420,-1.8856,,
EBOP_model,.82440,-1.8856,,
EBOP_model,.82460,-1.8856,,
EBOP_model,.82480,-1.8855,,
EBOP_model,.82500,-1.8855,,
EBOP_model,.82520,-1.8855,,
EBOP_model,.82540,-1.8855,,
EBOP_model,.82560,-1.8855,,
EBOP_model,.82580,-1.8855,,
EBOP_model,.82600,-1.8855,,
EBOP_model,.82620,-1.8855,,
EBOP_model,.82640,-1.8854,,
EBOP_model,.82660,-1.8854,,
EBOP_model,.82680,-1.8854,,
EBOP_model,.82700,-1.8854,,
EBOP_model,.82720,-1.8854,,
EBOP_model,.82740,-1.8854,,
EBOP_model,.82760,-1.8854,,
EBOP_model,.82780,-1.8854,,
EBOP_model,.82800,-1.8853,,
EBOP_model,.82820,-1.8853,,
EBOP_model,.82840,-1.8853,,
EBOP_model,.82860,-1.8853,,
EBOP_model,.82880,-1.8853,,
EBOP_model,.82900,-1.8853,,
EBOP_model,.82920,-1.8853,,
EBOP_model,.82940,-1.8853,,
EBOP_model,.82960,-1.8853,,
EBOP_model,.82980,-1.8852,,
EBOP_model,.83000,-1.8852,,
EBOP_model,.83020,-1.8852,,
EBOP_model,.83040,-1.8852,,
EBOP_model,.83060,-1.8852,,
EBOP_model,.83080,-1.8852,,
EBOP_model,.83100,-1.8852,,
EBOP_model,.83120,-1.8852,,
EBOP_model,.83140,-1.8851,,
EBOP_model,.83160,-1.8851,,
EBOP_model,.83180,-1.8851,,
EBOP_model,.83200,-1.8851,,
EBOP_model,.83220,-1.8851,,
EBOP_model,.83240,-1.8851,,
EBOP_model,.83260,-1.8851,,
EBOP_model,.83280,-1.8851,,
EBOP_model,.83300,-1.8850,,
EBOP_model,.83320,-1.8850,,
EBOP_model,.83340,-1.8850,,
EBOP_model,.83360,-1.8850,,
EBOP_model,.83380,-1.8850,,
EBOP_model,.83400,-1.8850,,
EBOP_model,.83420,-1.8850,,
EBOP_model,.83440,-1.8850,,
EBOP_model,.83460,-1.8849,,
EBOP_model,.83480,-1.8849,,
EBOP_model,.83500,-1.8849,,
EBOP_model,.83520,-1.8849,,
EBOP_model,.83540,-1.8849,,
EBOP_model,.83560,-1.8849,,
EBOP_model,.83580,-1.8849,,
EBOP_model,.83600,-1.8849,,
EBOP_model,.83620,-1.8848,,
EBOP_model,.83640,-1.8848,,
EBOP_model,.83660,-1.8848,,
EBOP_model,.83680,-1.8848,,
EBOP_model,.83700,-1.8848,,
EBOP_model,.83720,-1.8848,,
EBOP_model,.83740,-1.8848,,
EBOP_model,.83760,-1.8848,,
EBOP_model,.83780,-1.8847,,
EBOP_model,.83800,-1.8847,,
EBOP_model,.83820,-1.8847,,
EBOP_model,.83840,-1.8847,,
EBOP_model,.83860,-1.8847,,
EBOP_model,.83880,-1.8847,,
EBOP_model,.83900,-1.8847,,
EBOP_model,.83920,-1.8847,,
EBOP_model,.83940,-1.8846,,
EBOP_model,.83960,-1.8846,,
EBOP_model,.83980,-1.8846,,
EBOP_model,.84000,-1.8846,,
EBOP_model,.84020,-1.8846,,
EBOP_model,.84040,-1.8846,,
EBOP_model,.84060,-1.8846,,
EBOP_model,.84080,-1.8846,,
EBOP_model,.84100,-1.8845,,
EBOP_model,.84120,-1.8845,,
EBOP_model,.84140,-1.8845,,
EBOP_model,.84160,-1.8845,,
EBOP_model,.84180,-1.8845,,
EBOP_model,.84200,-1.8845,,
EBOP_model,.84220,-1.8845,,
EBOP_model,.84240,-1.8845,,
EBOP_model,.84260,-1.8844,,
EBOP_model,.84280,-1.8844,,
EBOP_model,.84300,-1.8844,,
EBOP_model,.84320,-1.8844,,
EBOP_model,.84340,-1.8844,,
EBOP_model,.84360,-1.8844,,
EBOP_model,.84380,-1.8844,,
EBOP_model,.84400,-1.8844,,
EBOP_model,.84420,-1.8843,,
EBOP_model,.84440,-1.8843,,
EBOP_model,.84460,-1.8843,,
EBOP_model,.84480,-1.8843,,
EBOP_model,.84500,-1.8843,,
EBOP_model,.84520,-1.8843,,
EBOP_model,.84540,-1.8843,,
EBOP_model,.84560,-1.8843,,
EBOP_model,.84580,-1.8842,,
EBOP_model,.84600,-1.8842,,
EBOP_model,.84620,-1.8842,,
EBOP_model,.84640,-1.8842,,
EBOP_model,.84660,-1.8842,,
EBOP_model,.84680,-1.8842,,
EBOP_model,.84700,-1.8842,,
EBOP_model,.84720,-1.8842,,
EBOP_model,.84740,-1.8841,,
EBOP_model,.84760,-1.8841,,
EBOP_model,.84780,-1.8841,,
EBOP_model,.84800,-1.8841,,
EBOP_model,.84820,-1.8841,,
EBOP_model,.84840,-1.8841,,
EBOP_model,.84860,-1.8841,,
EBOP_model,.84880,-1.8841,,
EBOP_model,.84900,-1.8840,,
EBOP_model,.84920,-1.8840,,
EBOP_model,.84940,-1.8840,,
EBOP_model,.84960,-1.8840,,
EBOP_model,.84980,-1.8840,,
EBOP_model,.85000,-1.8840,,
EBOP_model,.85020,-1.8840,,
EBOP_model,.85040,-1.8840,,
EBOP_model,.85060,-1.8839,,
EBOP_model,.85080,-1.8839,,
EBOP_model,.85100,-1.8839,,
EBOP_model,.85120,-1.8839,,
EBOP_model,.85140,-1.8839,,
EBOP_model,.85160,-1.8839,,
EBOP_model,.85180,-1.8839,,
EBOP_model,.85200,-1.8838,,
EBOP_model,.85220,-1.8838,,
EBOP_model,.85240,-1.8838,,
EBOP_model,.85260,-1.8838,,
EBOP_model,.85280,-1.8838,,
EBOP_model,.85300,-1.8838,,
EBOP_model,.85320,-1.8838,,
EBOP_model,.85340,-1.8838,,
EBOP_model,.85360,-1.8837,,
EBOP_model,.85380,-1.8837,,
EBOP_model,.85400,-1.8837,,
EBOP_model,.85420,-1.8837,,
EBOP_model,.85440,-1.8837,,
EBOP_model,.85460,-1.8837,,
EBOP_model,.85480,-1.8837,,
EBOP_model,.85500,-1.8837,,
EBOP_model,.85520,-1.8836,,
EBOP_model,.85540,-1.8836,,
EBOP_model,.85560,-1.8836,,
EBOP_model,.85580,-1.8836,,
EBOP_model,.85600,-1.8836,,
EBOP_model,.85620,-1.8836,,
EBOP_model,.85640,-1.8836,,
EBOP_model,.85660,-1.8836,,
EBOP_model,.85680,-1.8835,,
EBOP_model,.85700,-1.8835,,
EBOP_model,.85720,-1.8835,,
EBOP_model,.85740,-1.8835,,
EBOP_model,.85760,-1.8835,,
EBOP_model,.85780,-1.8835,,
EBOP_model,.85800,-1.8835,,
EBOP_model,.85820,-1.8835,,
EBOP_model,.85840,-1.8834,,
EBOP_model,.85860,-1.8834,,
EBOP_model,.85880,-1.8834,,
EBOP_model,.85900,-1.8834,,
EBOP_model,.85920,-1.8834,,
EBOP_model,.85940,-1.8834,,
EBOP_model,.85960,-1.8834,,
EBOP_model,.85980,-1.8833,,
EBOP_model,.86000,-1.8833,,
EBOP_model,.86020,-1.8833,,
EBOP_model,.86040,-1.8833,,
EBOP_model,.86060,-1.8833,,
EBOP_model,.86080,-1.8833,,
EBOP_model,.86100,-1.8833,,
EBOP_model,.86120,-1.8833,,
EBOP_model,.86140,-1.8832,,
EBOP_model,.86160,-1.8832,,
EBOP_model,.86180,-1.8832,,
EBOP_model,.86200,-1.8832,,
EBOP_model,.86220,-1.8832,,
EBOP_model,.86240,-1.8832,,
EBOP_model,.86260,-1.8832,,
EBOP_model,.86280,-1.8832,,
EBOP_model,.86300,-1.8831,,
EBOP_model,.86320,-1.8831,,
EBOP_model,.86340,-1.8831,,
EBOP_model,.86360,-1.8831,,
EBOP_model,.86380,-1.8831,,
EBOP_model,.86400,-1.8831,,
EBOP_model,.86420,-1.8831,,
EBOP_model,.86440,-1.8831,,
EBOP_model,.86460,-1.8830,,
EBOP_model,.86480,-1.8830,,
EBOP_model,.86500,-1.8830,,
EBOP_model,.86520,-1.8830,,
EBOP_model,.86540,-1.8830,,
EBOP_model,.86560,-1.8830,,
EBOP_model,.86580,-1.8830,,
EBOP_model,.86600,-1.8830,,
EBOP_model,.86620,-1.8829,,
EBOP_model,.86640,-1.8829,,
EBOP_model,.86660,-1.8829,,
EBOP_model,.86680,-1.8829,,
EBOP_model,.86700,-1.8829,,
EBOP_model,.86720,-1.8829,,
EBOP_model,.86740,-1.8829,,
EBOP_model,.86760,-1.8829,,
EBOP_model,.86780,-1.8828,,
EBOP_model,.86800,-1.8828,,
EBOP_model,.86820,-1.8828,,
EBOP_model,.86840,-1.8828,,
EBOP_model,.86860,-1.8828,,
EBOP_model,.86880,-1.8828,,
EBOP_model,.86900,-1.8828,,
EBOP_model,.86920,-1.8827,,
EBOP_model,.86940,-1.8827,,
EBOP_model,.86960,-1.8827,,
EBOP_model,.86980,-1.8827,,
EBOP_model,.87000,-1.8827,,
EBOP_model,.87020,-1.8827,,
EBOP_model,.87040,-1.8827,,
EBOP_model,.87060,-1.8827,,
EBOP_model,.87080,-1.8826,,
EBOP_model,.87100,-1.8826,,
EBOP_model,.87120,-1.8826,,
EBOP_model,.87140,-1.8826,,
EBOP_model,.87160,-1.8826,,
EBOP_model,.87180,-1.8826,,
EBOP_model,.87200,-1.8826,,
EBOP_model,.87220,-1.8826,,
EBOP_model,.87240,-1.8825,,
EBOP_model,.87260,-1.8825,,
EBOP_model,.87280,-1.8825,,
EBOP_model,.87300,-1.8825,,
EBOP_model,.87320,-1.8825,,
EBOP_model,.87340,-1.8825,,
EBOP_model,.87360,-1.8825,,
EBOP_model,.87380,-1.8825,,
EBOP_model,.87400,-1.8824,,
EBOP_model,.87420,-1.8824,,
EBOP_model,.87440,-1.8824,,
EBOP_model,.87460,-1.8824,,
EBOP_model,.87480,-1.8824,,
EBOP_model,.87500,-1.8824,,
EBOP_model,.87520,-1.8824,,
EBOP_model,.87540,-1.8824,,
EBOP_model,.87560,-1.8823,,
EBOP_model,.87580,-1.8823,,
EBOP_model,.87600,-1.8823,,
EBOP_model,.87620,-1.8823,,
EBOP_model,.87640,-1.8823,,
EBOP_model,.87660,-1.8823,,
EBOP_model,.87680,-1.8823,,
EBOP_model,.87700,-1.8823,,
EBOP_model,.87720,-1.8822,,
EBOP_model,.87740,-1.8822,,
EBOP_model,.87760,-1.8822,,
EBOP_model,.87780,-1.8822,,
EBOP_model,.87800,-1.8822,,
EBOP_model,.87820,-1.8822,,
EBOP_model,.87840,-1.8822,,
EBOP_model,.87860,-1.8822,,
EBOP_model,.87880,-1.8821,,
EBOP_model,.87900,-1.8821,,
EBOP_model,.87920,-1.8821,,
EBOP_model,.87940,-1.8821,,
EBOP_model,.87960,-1.8821,,
EBOP_model,.87980,-1.8821,,
EBOP_model,.88000,-1.8821,,
EBOP_model,.88020,-1.8821,,
EBOP_model,.88040,-1.8820,,
EBOP_model,.88060,-1.8820,,
EBOP_model,.88080,-1.8820,,
EBOP_model,.88100,-1.8820,,
EBOP_model,.88120,-1.8820,,
EBOP_model,.88140,-1.8820,,
EBOP_model,.88160,-1.8820,,
EBOP_model,.88180,-1.8820,,
EBOP_model,.88200,-1.8819,,
EBOP_model,.88220,-1.8819,,
EBOP_model,.88240,-1.8819,,
EBOP_model,.88260,-1.8819,,
EBOP_model,.88280,-1.8819,,
EBOP_model,.88300,-1.8819,,
EBOP_model,.88320,-1.8819,,
EBOP_model,.88340,-1.8819,,
EBOP_model,.88360,-1.8818,,
EBOP_model,.88380,-1.8818,,
EBOP_model,.88400,-1.8818,,
EBOP_model,.88420,-1.8818,,
EBOP_model,.88440,-1.8818,,
EBOP_model,.88460,-1.8818,,
EBOP_model,.88480,-1.8818,,
EBOP_model,.88500,-1.8818,,
EBOP_model,.88520,-1.8817,,
EBOP_model,.88540,-1.8817,,
EBOP_model,.88560,-1.8817,,
EBOP_model,.88580,-1.8817,,
EBOP_model,.88600,-1.8817,,
EBOP_model,.88620,-1.8817,,
EBOP_model,.88640,-1.8817,,
EBOP_model,.88660,-1.8817,,
EBOP_model,.88680,-1.8817,,
EBOP_model,.88700,-1.8816,,
EBOP_model,.88720,-1.8816,,
EBOP_model,.88740,-1.8816,,
EBOP_model,.88760,-1.8816,,
EBOP_model,.88780,-1.8816,,
EBOP_model,.88800,-1.8816,,
EBOP_model,.88820,-1.8816,,
EBOP_model,.88840,-1.8816,,
EBOP_model,.88860,-1.8815,,
EBOP_model,.88880,-1.8815,,
EBOP_model,.88900,-1.8815,,
EBOP_model,.88920,-1.8815,,
EBOP_model,.88940,-1.8815,,
EBOP_model,.88960,-1.8815,,
EBOP_model,.88980,-1.8815,,
EBOP_model,.89000,-1.8815,,
EBOP_model,.89020,-1.8814,,
EBOP_model,.89040,-1.8814,,
EBOP_model,.89060,-1.8814,,
EBOP_model,.89080,-1.8814,,
EBOP_model,.89100,-1.8814,,
EBOP_model,.89120,-1.8814,,
EBOP_model,.89140,-1.8814,,
EBOP_model,.89160,-1.8814,,
EBOP_model,.89180,-1.8814,,
EBOP_model,.89200,-1.8813,,
EBOP_model,.89220,-1.8813,,
EBOP_model,.89240,-1.8813,,
EBOP_model,.89260,-1.8813,,
EBOP_model,.89280,-1.8813,,
EBOP_model,.89300,-1.8813,,
EBOP_model,.89320,-1.8813,,
EBOP_model,.89340,-1.8813,,
EBOP_model,.89360,-1.8812,,
EBOP_model,.89380,-1.8812,,
EBOP_model,.89400,-1.8812,,
EBOP_model,.89420,-1.8812,,
EBOP_model,.89440,-1.8812,,
EBOP_model,.89460,-1.8812,,
EBOP_model,.89480,-1.8812,,
EBOP_model,.89500,-1.8812,,
EBOP_model,.89520,-1.8811,,
EBOP_model,.89540,-1.8811,,
EBOP_model,.89560,-1.8811,,
EBOP_model,.89580,-1.8811,,
EBOP_model,.89600,-1.8811,,
EBOP_model,.89620,-1.8811,,
EBOP_model,.89640,-1.8811,,
EBOP_model,.89660,-1.8811,,
EBOP_model,.89680,-1.8811,,
EBOP_model,.89700,-1.8810,,
EBOP_model,.89720,-1.8810,,
EBOP_model,.89740,-1.8810,,
EBOP_model,.89760,-1.8810,,
EBOP_model,.89780,-1.8810,,
EBOP_model,.89800,-1.8810,,
EBOP_model,.89820,-1.8810,,
EBOP_model,.89840,-1.8810,,
EBOP_model,.89860,-1.8810,,
EBOP_model,.89880,-1.8809,,
EBOP_model,.89900,-1.8809,,
EBOP_model,.89920,-1.8809,,
EBOP_model,.89940,-1.8809,,
EBOP_model,.89960,-1.8809,,
EBOP_model,.89980,-1.8809,,
EBOP_model,.90000,-1.8809,,
EBOP_model,.90020,-1.8809,,
EBOP_model,.90040,-1.8808,,
EBOP_model,.90060,-1.8808,,
EBOP_model,.90080,-1.8808,,
EBOP_model,.90100,-1.8808,,
EBOP_model,.90120,-1.8808,,
EBOP_model,.90140,-1.8808,,
EBOP_model,.90160,-1.8808,,
EBOP_model,.90180,-1.8808,,
EBOP_model,.90200,-1.8808,,
EBOP_model,.90220,-1.8807,,
EBOP_model,.90240,-1.8807,,
EBOP_model,.90260,-1.8807,,
EBOP_model,.90280,-1.8807,,
EBOP_model,.90300,-1.8807,,
EBOP_model,.90320,-1.8807,,
EBOP_model,.90340,-1.8807,,
EBOP_model,.90360,-1.8807,,
EBOP_model,.90380,-1.8807,,
EBOP_model,.90400,-1.8806,,
EBOP_model,.90420,-1.8806,,
EBOP_model,.90440,-1.8806,,
EBOP_model,.90460,-1.8806,,
EBOP_model,.90480,-1.8806,,
EBOP_model,.90500,-1.8806,,
EBOP_model,.90520,-1.8806,,
EBOP_model,.90540,-1.8806,,
EBOP_model,.90560,-1.8806,,
EBOP_model,.90580,-1.8805,,
EBOP_model,.90600,-1.8805,,
EBOP_model,.90620,-1.8805,,
EBOP_model,.90640,-1.8805,,
EBOP_model,.90660,-1.8805,,
EBOP_model,.90680,-1.8805,,
EBOP_model,.90700,-1.8805,,
EBOP_model,.90720,-1.8805,,
EBOP_model,.90740,-1.8805,,
EBOP_model,.90760,-1.8804,,
EBOP_model,.90780,-1.8804,,
EBOP_model,.90800,-1.8804,,
EBOP_model,.90820,-1.8804,,
EBOP_model,.90840,-1.8804,,
EBOP_model,.90860,-1.8804,,
EBOP_model,.90880,-1.8804,,
EBOP_model,.90900,-1.8804,,
EBOP_model,.90920,-1.8804,,
EBOP_model,.90940,-1.8803,,
EBOP_model,.90960,-1.8803,,
EBOP_model,.90980,-1.8803,,
EBOP_model,.91000,-1.8803,,
EBOP_model,.91020,-1.8803,,
EBOP_model,.91040,-1.8803,,
EBOP_model,.91060,-1.8803,,
EBOP_model,.91080,-1.8803,,
EBOP_model,.91100,-1.8803,,
EBOP_model,.91120,-1.8803,,
EBOP_model,.91140,-1.8802,,
EBOP_model,.91160,-1.8802,,
EBOP_model,.91180,-1.8802,,
EBOP_model,.91200,-1.8802,,
EBOP_model,.91220,-1.8802,,
EBOP_model,.91240,-1.8802,,
EBOP_model,.91260,-1.8802,,
EBOP_model,.91280,-1.8802,,
EBOP_model,.91300,-1.8802,,
EBOP_model,.91320,-1.8801,,
EBOP_model,.91340,-1.8801,,
EBOP_model,.91360,-1.8801,,
EBOP_model,.91380,-1.8801,,
EBOP_model,.91400,-1.8801,,
EBOP_model,.91420,-1.8801,,
EBOP_model,.91440,-1.8801,,
EBOP_model,.91460,-1.8801,,
EBOP_model,.91480,-1.8801,,
EBOP_model,.91500,-1.8801,,
EBOP_model,.91520,-1.8800,,
EBOP_model,.91540,-1.8800,,
EBOP_model,.91560,-1.8800,,
EBOP_model,.91580,-1.8800,,
EBOP_model,.91600,-1.8800,,
EBOP_model,.91620,-1.8800,,
EBOP_model,.91640,-1.8800,,
EBOP_model,.91660,-1.8800,,
EBOP_model,.91680,-1.8800,,
EBOP_model,.91700,-1.8799,,
EBOP_model,.91720,-1.8799,,
EBOP_model,.91740,-1.8799,,
EBOP_model,.91760,-1.8799,,
EBOP_model,.91780,-1.8799,,
EBOP_model,.91800,-1.8799,,
EBOP_model,.91820,-1.8799,,
EBOP_model,.91840,-1.8799,,
EBOP_model,.91860,-1.8799,,
EBOP_model,.91880,-1.8799,,
EBOP_model,.91900,-1.8798,,
EBOP_model,.91920,-1.8798,,
EBOP_model,.91940,-1.8798,,
EBOP_model,.91960,-1.8798,,
EBOP_model,.91980,-1.8798,,
EBOP_model,.92000,-1.8798,,
EBOP_model,.92020,-1.8798,,
EBOP_model,.92040,-1.8798,,
EBOP_model,.92060,-1.8798,,
EBOP_model,.92080,-1.8798,,
EBOP_model,.92100,-1.8797,,
EBOP_model,.92120,-1.8797,,
EBOP_model,.92140,-1.8797,,
EBOP_model,.92160,-1.8797,,
EBOP_model,.92180,-1.8797,,
EBOP_model,.92200,-1.8797,,
EBOP_model,.92220,-1.8797,,
EBOP_model,.92240,-1.8797,,
EBOP_model,.92260,-1.8797,,
EBOP_model,.92280,-1.8797,,
EBOP_model,.92300,-1.8797,,
EBOP_model,.92320,-1.8796,,
EBOP_model,.92340,-1.8796,,
EBOP_model,.92360,-1.8796,,
EBOP_model,.92380,-1.8796,,
EBOP_model,.92400,-1.8796,,
EBOP_model,.92420,-1.8796,,
EBOP_model,.92440,-1.8796,,
EBOP_model,.92460,-1.8796,,
EBOP_model,.92480,-1.8796,,
EBOP_model,.92500,-1.8796,,
EBOP_model,.92520,-1.8795,,
EBOP_model,.92540,-1.8795,,
EBOP_model,.92560,-1.8795,,
EBOP_model,.92580,-1.8795,,
EBOP_model,.92600,-1.8795,,
EBOP_model,.92620,-1.8795,,
EBOP_model,.92640,-1.8795,,
EBOP_model,.92660,-1.8795,,
EBOP_model,.92680,-1.8795,,
EBOP_model,.92700,-1.8795,,
EBOP_model,.92720,-1.8795,,
EBOP_model,.92740,-1.8794,,
EBOP_model,.92760,-1.8794,,
EBOP_model,.92780,-1.8794,,
EBOP_model,.92800,-1.8794,,
EBOP_model,.92820,-1.8794,,
EBOP_model,.92840,-1.8794,,
EBOP_model,.92860,-1.8794,,
EBOP_model,.92880,-1.8794,,
EBOP_model,.92900,-1.8794,,
EBOP_model,.92920,-1.8794,,
EBOP_model,.92940,-1.8794,,
EBOP_model,.92960,-1.8793,,
EBOP_model,.92980,-1.8793,,
EBOP_model,.93000,-1.8793,,
EBOP_model,.93020,-1.8793,,
EBOP_model,.93040,-1.8793,,
EBOP_model,.93060,-1.8793,,
EBOP_model,.93080,-1.8793,,
EBOP_model,.93100,-1.8793,,
EBOP_model,.93120,-1.8793,,
EBOP_model,.93140,-1.8793,,
EBOP_model,.93160,-1.8793,,
EBOP_model,.93180,-1.8792,,
EBOP_model,.93200,-1.8792,,
EBOP_model,.93220,-1.8792,,
EBOP_model,.93240,-1.8792,,
EBOP_model,.93260,-1.8792,,
EBOP_model,.93280,-1.8792,,
EBOP_model,.93300,-1.8792,,
EBOP_model,.93320,-1.8792,,
EBOP_model,.93340,-1.8792,,
EBOP_model,.93360,-1.8792,,
EBOP_model,.93380,-1.8792,,
EBOP_model,.93400,-1.8792,,
EBOP_model,.93420,-1.8791,,
EBOP_model,.93440,-1.8791,,
EBOP_model,.93460,-1.8791,,
EBOP_model,.93480,-1.8791,,
EBOP_model,.93500,-1.8791,,
EBOP_model,.93520,-1.8791,,
EBOP_model,.93540,-1.8791,,
EBOP_model,.93560,-1.8791,,
EBOP_model,.93580,-1.8791,,
EBOP_model,.93600,-1.8791,,
EBOP_model,.93620,-1.8791,,
EBOP_model,.93640,-1.8791,,
EBOP_model,.93660,-1.8790,,
EBOP_model,.93680,-1.8790,,
EBOP_model,.93700,-1.8790,,
EBOP_model,.93720,-1.8790,,
EBOP_model,.93740,-1.8790,,
EBOP_model,.93760,-1.8790,,
EBOP_model,.93780,-1.8790,,
EBOP_model,.93800,-1.8790,,
EBOP_model,.93820,-1.8790,,
EBOP_model,.93840,-1.8790,,
EBOP_model,.93860,-1.8790,,
EBOP_model,.93880,-1.8790,,
EBOP_model,.93900,-1.8789,,
EBOP_model,.93920,-1.8789,,
EBOP_model,.93940,-1.8789,,
EBOP_model,.93960,-1.8789,,
EBOP_model,.93980,-1.8789,,
EBOP_model,.94000,-1.8789,,
EBOP_model,.94020,-1.8789,,
EBOP_model,.94040,-1.8789,,
EBOP_model,.94060,-1.8789,,
EBOP_model,.94080,-1.8789,,
EBOP_model,.94100,-1.8789,,
EBOP_model,.94120,-1.8789,,
EBOP_model,.94140,-1.8789,,
EBOP_model,.94160,-1.8788,,
EBOP_model,.94180,-1.8788,,
EBOP_model,.94200,-1.8788,,
EBOP_model,.94220,-1.8788,,
EBOP_model,.94240,-1.8788,,
EBOP_model,.94260,-1.8788,,
EBOP_model,.94280,-1.8788,,
EBOP_model,.94300,-1.8788,,
EBOP_model,.94320,-1.8788,,
EBOP_model,.94340,-1.8788,,
EBOP_model,.94360,-1.8788,,
EBOP_model,.94380,-1.8788,,
EBOP_model,.94400,-1.8788,,
EBOP_model,.94420,-1.8787,,
EBOP_model,.94440,-1.8787,,
EBOP_model,.94460,-1.8787,,
EBOP_model,.94480,-1.8787,,
EBOP_model,.94500,-1.8787,,
EBOP_model,.94520,-1.8787,,
EBOP_model,.94540,-1.8787,,
EBOP_model,.94560,-1.8787,,
EBOP_model,.94580,-1.8787,,
EBOP_model,.94600,-1.8787,,
EBOP_model,.94620,-1.8787,,
EBOP_model,.94640,-1.8787,,
EBOP_model,.94660,-1.8787,,
EBOP_model,.94680,-1.8787,,
EBOP_model,.94700,-1.8786,,
EBOP_model,.94720,-1.8786,,
EBOP_model,.94740,-1.8786,,
EBOP_model,.94760,-1.8786,,
EBOP_model,.94780,-1.8786,,
EBOP_model,.94800,-1.8786,,
EBOP_model,.94820,-1.8786,,
EBOP_model,.94840,-1.8786,,
EBOP_model,.94860,-1.8785,,
EBOP_model,.94880,-1.8783,,
EBOP_model,.94900,-1.8781,,
EBOP_model,.94920,-1.8778,,
EBOP_model,.94940,-1.8774,,
EBOP_model,.94960,-1.8769,,
EBOP_model,.94980,-1.8765,,
EBOP_model,.95000,-1.8759,,
EBOP_model,.95020,-1.8753,,
EBOP_model,.95040,-1.8747,,
EBOP_model,.95060,-1.8740,,
EBOP_model,.95080,-1.8733,,
EBOP_model,.95100,-1.8726,,
EBOP_model,.95120,-1.8718,,
EBOP_model,.95140,-1.8709,,
EBOP_model,.95160,-1.8701,,
EBOP_model,.95180,-1.8691,,
EBOP_model,.95200,-1.8682,,
EBOP_model,.95220,-1.8672,,
EBOP_model,.95240,-1.8662,,
EBOP_model,.95260,-1.8651,,
EBOP_model,.95280,-1.8640,,
EBOP_model,.95300,-1.8628,,
EBOP_model,.95320,-1.8616,,
EBOP_model,.95340,-1.8604,,
EBOP_model,.95360,-1.8592,,
EBOP_model,.95380,-1.8579,,
EBOP_model,.95400,-1.8566,,
EBOP_model,.95420,-1.8552,,
EBOP_model,.95440,-1.8538,,
EBOP_model,.95460,-1.8524,,
EBOP_model,.95480,-1.8509,,
EBOP_model,.95500,-1.8494,,
EBOP_model,.95520,-1.8479,,
EBOP_model,.95540,-1.8463,,
EBOP_model,.95560,-1.8448,,
EBOP_model,.95580,-1.8431,,
EBOP_model,.95600,-1.8415,,
EBOP_model,.95620,-1.8398,,
EBOP_model,.95640,-1.8381,,
EBOP_model,.95660,-1.8363,,
EBOP_model,.95680,-1.8345,,
EBOP_model,.95700,-1.8327,,
EBOP_model,.95720,-1.8309,,
EBOP_model,.95740,-1.8290,,
EBOP_model,.95760,-1.8271,,
EBOP_model,.95780,-1.8251,,
EBOP_model,.95800,-1.8232,,
EBOP_model,.95820,-1.8212,,
EBOP_model,.95840,-1.8191,,
EBOP_model,.95860,-1.8171,,
EBOP_model,.95880,-1.8150,,
EBOP_model,.95900,-1.8129,,
EBOP_model,.95920,-1.8107,,
EBOP_model,.95940,-1.8085,,
EBOP_model,.95960,-1.8063,,
EBOP_model,.95980,-1.8041,,
EBOP_model,.96000,-1.8018,,
EBOP_model,.96020,-1.7995,,
EBOP_model,.96040,-1.7972,,
EBOP_model,.96060,-1.7949,,
EBOP_model,.96080,-1.7925,,
EBOP_model,.96100,-1.7901,,
EBOP_model,.96120,-1.7877,,
EBOP_model,.96140,-1.7852,,
EBOP_model,.96160,-1.7827,,
EBOP_model,.96180,-1.7802,,
EBOP_model,.96200,-1.7777,,
EBOP_model,.96220,-1.7751,,
EBOP_model,.96240,-1.7725,,
EBOP_model,.96260,-1.7699,,
EBOP_model,.96280,-1.7672,,
EBOP_model,.96300,-1.7646,,
EBOP_model,.96320,-1.7619,,
EBOP_model,.96340,-1.7591,,
EBOP_model,.96360,-1.7564,,
EBOP_model,.96380,-1.7536,,
EBOP_model,.96400,-1.7508,,
EBOP_model,.96420,-1.7480,,
EBOP_model,.96440,-1.7451,,
EBOP_model,.96460,-1.7422,,
EBOP_model,.96480,-1.7393,,
EBOP_model,.96500,-1.7364,,
EBOP_model,.96520,-1.7335,,
EBOP_model,.96540,-1.7305,,
EBOP_model,.96560,-1.7275,,
EBOP_model,.96580,-1.7245,,
EBOP_model,.96600,-1.7214,,
EBOP_model,.96620,-1.7183,,
EBOP_model,.96640,-1.7152,,
EBOP_model,.96660,-1.7121,,
EBOP_model,.96680,-1.7090,,
EBOP_model,.96700,-1.7058,,
EBOP_model,.96720,-1.7026,,
EBOP_model,.96740,-1.6994,,
EBOP_model,.96760,-1.6962,,
EBOP_model,.96780,-1.6930,,
EBOP_model,.96800,-1.6897,,
EBOP_model,.96820,-1.6864,,
EBOP_model,.96840,-1.6831,,
EBOP_model,.96860,-1.6797,,
EBOP_model,.96880,-1.6764,,
EBOP_model,.96900,-1.6730,,
EBOP_model,.96920,-1.6696,,
EBOP_model,.96940,-1.6662,,
EBOP_model,.96960,-1.6627,,
EBOP_model,.96980,-1.6593,,
EBOP_model,.97000,-1.6558,,
EBOP_model,.97020,-1.6523,,
EBOP_model,.97040,-1.6488,,
EBOP_model,.97060,-1.6453,,
EBOP_model,.97080,-1.6417,,
EBOP_model,.97100,-1.6382,,
EBOP_model,.97120,-1.6346,,
EBOP_model,.97140,-1.6310,,
EBOP_model,.97160,-1.6274,,
EBOP_model,.97180,-1.6237,,
EBOP_model,.97200,-1.6201,,
EBOP_model,.97220,-1.6164,,
EBOP_model,.97240,-1.6127,,
EBOP_model,.97260,-1.6090,,
EBOP_model,.97280,-1.6053,,
EBOP_model,.97300,-1.6016,,
EBOP_model,.97320,-1.5978,,
EBOP_model,.97340,-1.5941,,
EBOP_model,.97360,-1.5903,,
EBOP_model,.97380,-1.5865,,
EBOP_model,.97400,-1.5827,,
EBOP_model,.97420,-1.5789,,
EBOP_model,.97440,-1.5751,,
EBOP_model,.97460,-1.5713,,
EBOP_model,.97480,-1.5674,,
EBOP_model,.97500,-1.5636,,
EBOP_model,.97520,-1.5597,,
EBOP_model,.97540,-1.5559,,
EBOP_model,.97560,-1.5520,,
EBOP_model,.97580,-1.5481,,
EBOP_model,.97600,-1.5442,,
EBOP_model,.97620,-1.5403,,
EBOP_model,.97640,-1.5364,,
EBOP_model,.97660,-1.5325,,
EBOP_model,.97680,-1.5285,,
EBOP_model,.97700,-1.5246,,
EBOP_model,.97720,-1.5207,,
EBOP_model,.97740,-1.5167,,
EBOP_model,.97760,-1.5128,,
EBOP_model,.97780,-1.5088,,
EBOP_model,.97800,-1.5049,,
EBOP_model,.97820,-1.5009,,
EBOP_model,.97840,-1.4970,,
EBOP_model,.97860,-1.4930,,
EBOP_model,.97880,-1.4891,,
EBOP_model,.97900,-1.4851,,
EBOP_model,.97920,-1.4812,,
EBOP_model,.97940,-1.4772,,
EBOP_model,.97960,-1.4733,,
EBOP_model,.97980,-1.4693,,
EBOP_model,.98000,-1.4654,,
EBOP_model,.98020,-1.4614,,
EBOP_model,.98040,-1.4575,,
EBOP_model,.98060,-1.4536,,
EBOP_model,.98080,-1.4497,,
EBOP_model,.98100,-1.4458,,
EBOP_model,.98120,-1.4418,,
EBOP_model,.98140,-1.4380,,
EBOP_model,.98160,-1.4341,,
EBOP_model,.98180,-1.4302,,
EBOP_model,.98200,-1.4263,,
EBOP_model,.98220,-1.4225,,
EBOP_model,.98240,-1.4186,,
EBOP_model,.98260,-1.4148,,
EBOP_model,.98280,-1.4110,,
EBOP_model,.98300,-1.4072,,
EBOP_model,.98320,-1.4034,,
EBOP_model,.98340,-1.3996,,
EBOP_model,.98360,-1.3959,,
EBOP_model,.98380,-1.3922,,
EBOP_model,.98400,-1.3885,,
EBOP_model,.98420,-1.3848,,
EBOP_model,.98440,-1.3811,,
EBOP_model,.98460,-1.3774,,
EBOP_model,.98480,-1.3738,,
EBOP_model,.98500,-1.3702,,
EBOP_model,.98520,-1.3666,,
EBOP_model,.98540,-1.3631,,
EBOP_model,.98560,-1.3596,,
EBOP_model,.98580,-1.3561,,
EBOP_model,.98600,-1.3526,,
EBOP_model,.98620,-1.3492,,
EBOP_model,.98640,-1.3458,,
EBOP_model,.98660,-1.3424,,
EBOP_model,.98680,-1.3391,,
EBOP_model,.98700,-1.3358,,
EBOP_model,.98720,-1.3325,,
EBOP_model,.98740,-1.3293,,
EBOP_model,.98760,-1.3261,,
EBOP_model,.98780,-1.3230,,
EBOP_model,.98800,-1.3198,,
EBOP_model,.98820,-1.3167,,
EBOP_model,.98840,-1.3137,,
EBOP_model,.98860,-1.3107,,
EBOP_model,.98880,-1.3078,,
EBOP_model,.98900,-1.3048,,
EBOP_model,.98920,-1.3020,,
EBOP_model,.98940,-1.2992,,
EBOP_model,.98960,-1.2964,,
EBOP_model,.98980,-1.2937,,
EBOP_model,.99000,-1.2910,,
EBOP_model,.99020,-1.2884,,
EBOP_model,.99040,-1.2858,,
EBOP_model,.99060,-1.2833,,
EBOP_model,.99080,-1.2808,,
EBOP_model,.99100,-1.2784,,
EBOP_model,.99120,-1.2760,,
EBOP_model,.99140,-1.2737,,
EBOP_model,.99160,-1.2714,,
EBOP_model,.99180,-1.2692,,
EBOP_model,.99200,-1.2671,,
EBOP_model,.99220,-1.2650,,
EBOP_model,.99240,-1.2629,,
EBOP_model,.99260,-1.2610,,
EBOP_model,.99280,-1.2591,,
EBOP_model,.99300,-1.2572,,
EBOP_model,.99320,-1.2554,,
EBOP_model,.99340,-1.2537,,
EBOP_model,.99360,-1.2520,,
EBOP_model,.99380,-1.2504,,
EBOP_model,.99400,-1.2489,,
EBOP_model,.99420,-1.2474,,
EBOP_model,.99440,-1.2460,,
EBOP_model,.99460,-1.2447,,
EBOP_model,.99480,-1.2434,,
EBOP_model,.99500,-1.2422,,
EBOP_model,.99520,-1.2410,,
EBOP_model,.99540,-1.2399,,
EBOP_model,.99560,-1.2389,,
EBOP_model,.99580,-1.2380,,
EBOP_model,.99600,-1.2371,,
EBOP_model,.99620,-1.2363,,
EBOP_model,.99640,-1.2355,,
EBOP_model,.99660,-1.2349,,
EBOP_model,.99680,-1.2343,,
EBOP_model,.99700,-1.2337,,
EBOP_model,.99720,-1.2333,,
EBOP_model,.99740,-1.2329,,
EBOP_model,.99760,-1.2325,,
EBOP_model,.99780,-1.2323,,
EBOP_model,.99800,-1.2321,,
EBOP_model,.99820,-1.2320,,
EBOP_model,.99840,-1.2319,,
EBOP_model,.99860,-1.2320,,
EBOP_model,.99880,-1.2321,,
EBOP_model,.99900,-1.2322,,
EBOP_model,.99920,-1.2325,,
EBOP_model,.99940,-1.2328,,
EBOP_model,.99960,-1.2331,,
EBOP_model,.99980,-1.2336,,
EBOP_model,.00000,-1.2341,,
